t√¥i mu·ªën t√¨m ph√≤ng ƒë∆∞·ª£c kh√¥ng?,H·∫πn g·∫∑p b·∫°n v√†o l·∫ßn sau üëã,2019-01-22 16:31:36.875197
ok baby,Xin l·ªói üôá‚Äç‚ôÇ T√¥i kh√¥ng hi·ªÉu √Ω b·∫°n?,2019-01-22 16:31:48.416977
"ƒë·∫∑t xe
","Xin l·ªói, t√¥i kh√¥ng ch·∫Øc m√¨nh hi·ªÉu ƒë√∫ng √Ω b·∫°nü§î √ù b·∫°n l√†...",2019-01-22 16:36:44.562622
,"T√¥i xin l·ªói, t√¥i kh√¥ng th·ªÉ gi√∫p b·∫°n ƒë∆∞·ª£c :( Vui l√≤ng cho t√¥i bi·∫øt n·∫øu b·∫°n c√≥ b·∫•t k·ª≥ ƒë·ªÅ xu·∫•t n√†o v·ªÅ c√°ch t√¥i c√≥ th·ªÉ c·∫£i thi·ªán ·∫°.",2019-01-22 16:36:49.280831
"ƒë·∫∑t xe
","Thanks! Check out our forum, some of the smart people from our community can answer your questions there.",2019-01-22 16:37:31.560685
"{""title"":""xin ch√†o\n""}",Xin ch√†ooo üëã,2019-01-22 16:46:40.686849
"{""title"":""ƒë·∫∑t xe\n""}","Xin l·ªói, t√¥i kh√¥ng ch·∫Øc m√¨nh hi·ªÉu ƒë√∫ng √Ω b·∫°nü§î √ù b·∫°n l√†...",2019-01-22 16:46:43.400551
ƒê·∫∑t ph√≤ng ?,"T√¥i kh√¥ng hi·ªÉu √Ω b·∫°n, xin h√£y gi·∫£i th√≠ch cho t√¥i ü§î?",2019-01-22 16:46:46.616598
,"Xin l·ªói, t√¥i kh√¥ng ch·∫Øc m√¨nh hi·ªÉu ƒë√∫ng √Ω b·∫°nü§î √ù b·∫°n l√†...",2019-01-22 16:50:13.611713
,"Xin l·ªói, t√¥i kh√¥ng ch·∫Øc m√¨nh hi·ªÉu ƒë√∫ng √Ω b·∫°nü§î √ù b·∫°n l√†...",2019-01-22 16:50:29.381547
,"T√¥i xin l·ªói, t√¥i kh√¥ng th·ªÉ gi√∫p b·∫°n ƒë∆∞·ª£c :( Vui l√≤ng cho t√¥i bi·∫øt n·∫øu b·∫°n c√≥ b·∫•t k·ª≥ ƒë·ªÅ xu·∫•t n√†o v·ªÅ c√°ch t√¥i c√≥ th·ªÉ c·∫£i thi·ªán ·∫°.",2019-01-22 16:50:38.421983
,C·∫£m ∆°n v·ªÅ ph·∫£n h·ªìi c·ªßa b·∫°n! Ch√∫ng t√¥i s·∫Ω ghi nh·∫≠n ph·∫£n h·ªìi v√† tr·∫£ l·ªùi b·∫°n s·ªõm nh·∫•t ·∫°!,2019-01-22 16:50:53.670286
,"Xin l·ªói, t√¥i kh√¥ng ch·∫Øc m√¨nh hi·ªÉu ƒë√∫ng √Ω b·∫°nü§î √ù b·∫°n l√†...",2019-01-22 16:53:58.041702
,"T√¥i xin l·ªói, t√¥i kh√¥ng th·ªÉ gi√∫p b·∫°n ƒë∆∞·ª£c :( Vui l√≤ng cho t√¥i bi·∫øt n·∫øu b·∫°n c√≥ b·∫•t k·ª≥ ƒë·ªÅ xu·∫•t n√†o v·ªÅ c√°ch t√¥i c√≥ th·ªÉ c·∫£i thi·ªán ·∫°.",2019-01-22 16:54:02.690495
,C·∫£m ∆°n v·ªÅ ph·∫£n h·ªìi c·ªßa b·∫°n! Ch√∫ng t√¥i s·∫Ω ghi nh·∫≠n ph·∫£n h·ªìi v√† tr·∫£ l·ªùi b·∫°n s·ªõm nh·∫•t ·∫°!,2019-01-22 16:54:08.402244
,"Xin l·ªói, t√¥i kh√¥ng ch·∫Øc m√¨nh hi·ªÉu ƒë√∫ng √Ω b·∫°nü§î √ù b·∫°n l√†...",2019-01-22 16:57:44.629799
,"Xin l·ªói, t√¥i kh√¥ng ch·∫Øc m√¨nh hi·ªÉu ƒë√∫ng √Ω b·∫°nü§î √ù b·∫°n l√†...",2019-01-22 16:58:17.588885
,"T√¥i xin l·ªói, t√¥i kh√¥ng th·ªÉ gi√∫p b·∫°n ƒë∆∞·ª£c :( Vui l√≤ng cho t√¥i bi·∫øt n·∫øu b·∫°n c√≥ b·∫•t k·ª≥ ƒë·ªÅ xu·∫•t n√†o v·ªÅ c√°ch t√¥i c√≥ th·ªÉ c·∫£i thi·ªán ·∫°.",2019-01-22 16:58:23.456497
,C·∫£m ∆°n v·ªÅ ph·∫£n h·ªìi c·ªßa b·∫°n! Ch√∫ng t√¥i s·∫Ω ghi nh·∫≠n ph·∫£n h·ªìi v√† tr·∫£ l·ªùi b·∫°n s·ªõm nh·∫•t ·∫°!,2019-01-22 16:58:37.424148
,"Xin l·ªói, t√¥i kh√¥ng ch·∫Øc m√¨nh hi·ªÉu ƒë√∫ng √Ω b·∫°nü§î √ù b·∫°n l√†...",2019-01-22 16:58:45.089371
,"T√¥i xin l·ªói, t√¥i kh√¥ng th·ªÉ gi√∫p b·∫°n ƒë∆∞·ª£c :( Vui l√≤ng cho t√¥i bi·∫øt n·∫øu b·∫°n c√≥ b·∫•t k·ª≥ ƒë·ªÅ xu·∫•t n√†o v·ªÅ c√°ch t√¥i c√≥ th·ªÉ c·∫£i thi·ªán ·∫°.",2019-01-22 16:59:06.565503
,"Xin l·ªói, t√¥i kh√¥ng ch·∫Øc m√¨nh hi·ªÉu ƒë√∫ng √Ω b·∫°nü§î √ù b·∫°n l√†...",2019-01-22 17:00:19.066925
"xin ch√†o m√°
","Xin ch√†o üëã.
T√¥i c√≥ g√¨ gi√∫p g√¨ cho b·∫°n ü§î?",2019-01-22 17:02:14.802099
"t√¨m cho c√°i ph√≤ng cho 30 ng∆∞·ªùi
","D·∫°, hi·ªán t·∫°i h·ªá th·ªëng ph√≤ng c√≥ s·ª©c ch·ª©a nhi·ªÅu nh·∫•t l√† 16 ng∆∞·ªùi th√¥i a.
 V·∫≠y n√™n t√¥i s·∫Ω l·∫•y ph√≤ng l·ªõn nh·∫•t cho b·∫°n nh√©, b·∫°n c√≥ th·ªÉ l·∫•y th√™m gh·∫ø nh·ª±a ƒë·ªÉ b·ªï sung ch·ªó ng·ªìi ·∫°! ",2019-01-22 17:02:27.970146
"t√¨m cho c√°i ph√≤ng cho 30 ng∆∞·ªùi
","D·∫°, hi·ªán t·∫°i h·ªá th·ªëng ph√≤ng c√≥ s·ª©c ch·ª©a nhi·ªÅu nh·∫•t l√† 16 ng∆∞·ªùi th√¥i a.
 V·∫≠y n√™n t√¥i s·∫Ω l·∫•y ph√≤ng l·ªõn nh·∫•t cho b·∫°n nh√©, b·∫°n c√≥ th·ªÉ l·∫•y th√™m gh·∫ø nh·ª±a ƒë·ªÉ b·ªï sung ch·ªó ng·ªìi ·∫°! ",2019-01-22 17:06:13.903624
/action_set_max_quantity,Xin l·ªói üôá‚Äç‚ôÇ T√¥i kh√¥ng hi·ªÉu √Ω b·∫°n?,2019-01-22 17:06:29.057620
"alo
","Xin l·ªói, t√¥i kh√¥ng ch·∫Øc m√¨nh hi·ªÉu ƒë√∫ng √Ω b·∫°nü§î √ù b·∫°n l√†...",2019-01-22 17:06:56.958969
"t√¨m ph√≤ng tr·ªëng
","T√¥i kh√¥ng hi·ªÉu √Ω b·∫°n, xin h√£y gi·∫£i th√≠ch cho t√¥i ü§î?",2019-01-22 17:07:18.115314
"t√¨m ph√≤ng
",Xin l·ªói üôá‚Äç‚ôÇ T√¥i kh√¥ng hi·ªÉu √Ω b·∫°n?,2019-01-22 17:07:25.280432
"t√¨m ph√≤ng ƒë√≥
",Xin l·ªói üôá‚Äç‚ôÇ T√¥i kh√¥ng hi·ªÉu √Ω b·∫°n?,2019-01-22 17:07:32.201401
"t√¨m ph√≤ng ng√†y mai l√∫c 9 gi·ªù
","D·∫°, tr∆∞·ªõc khi th·ª±c hi·ªán, b·∫°n x√°c nh·∫≠n c√°c th√¥ng tin gi√∫p t√¥i nh√©:
Ng√†y: 2019-01-23
Th·ªùi gian: 9 gi·ªù",2019-01-22 17:08:01.186487
"xin ch√†o
",action : ,2019-01-22 17:09:11.763087
"xin ch√†o
",Hello üëã,2019-01-22 17:09:22.223507
"t√¨m gi√∫p ph√≤ng ng√†y mai l√∫c 9 gi·ªù nh√©
","D·∫°, tr∆∞·ªõc khi th·ª±c hi·ªán, b·∫°n x√°c nh·∫≠n c√°c th√¥ng tin gi√∫p t√¥i nh√©:
Ng√†y: 2019-01-23
Th·ªùi gian: 9 gi·ªù",2019-01-22 17:09:30.447491
/action_send_find_room,action : ,2019-01-22 17:09:43.674295
"t√¨m ph√≤ng ng√†y mai l√∫c 9 gi·ªù
","D·∫°, tr∆∞·ªõc khi th·ª±c hi·ªán, b·∫°n x√°c nh·∫≠n c√°c th√¥ng tin gi√∫p t√¥i nh√©:
Ng√†y: 2019-01-23
Th·ªùi gian: 9:0",2019-01-22 17:24:27.897176
/action_send_find_room,action : ,2019-01-22 17:24:42.506773
"t√¨m ph√≤ng ng√†y mai l√∫c 9 gi·ªù
","D·∫°, tr∆∞·ªõc khi th·ª±c hi·ªán, b·∫°n x√°c nh·∫≠n c√°c th√¥ng tin gi√∫p t√¥i nh√©:
Ng√†y: 2019-01-23
Th·ªùi gian: 9:0",2019-01-22 17:27:30.971873
/action_send_find_room,action : ,2019-01-22 17:27:49.986731
"t√¨m ph√≤ng ng√†y mai l√∫c 9 gi·ªù
",Xin l·ªói üôá‚Äç‚ôÇ T√¥i kh√¥ng hi·ªÉu √Ω b·∫°n?,2019-01-22 17:28:49.433992
"xin ch√†o
",Xin ch√†ooo üëã,2019-01-22 17:29:03.358541
"t√¨m ph√≤ng ng√†y mai l√∫c 9 gi·ªù
","D·∫°, tr∆∞·ªõc khi th·ª±c hi·ªán, b·∫°n x√°c nh·∫≠n c√°c th√¥ng tin gi√∫p t√¥i nh√©:
Ng√†y: 2019-01-23
Th·ªùi gian: 9:0",2019-01-22 17:29:08.309948
"xin ch√†o
",Xin ch√†ooo üëã,2019-01-22 17:29:31.543188
"t√¨m ph√≤ng ng√†y mai l√∫c 9 gi·ªù
","D·∫°, tr∆∞·ªõc khi th·ª±c hi·ªán, b·∫°n x√°c nh·∫≠n c√°c th√¥ng tin gi√∫p t√¥i nh√©:
Ng√†y: 2019-01-23
Th·ªùi gian: 9:0",2019-01-22 17:29:38.833087
/action_send_find_room,action : ,2019-01-22 17:29:49.776760
t√¨m ph√≤ng ng√†y mai l√∫c 9 gi·ªù,"T√¥i kh√¥ng hi·ªÉu √Ω b·∫°n, xin h√£y gi·∫£i th√≠ch cho t√¥i ü§î?",2019-01-22 17:30:36.040675
xin ch√†o,Hello üëã,2019-01-22 17:30:56.079144
t√¨m ph√≤ng ng√†y mai l√∫c 9 gi·ªù,"D·∫°, tr∆∞·ªõc khi th·ª±c hi·ªán, b·∫°n x√°c nh·∫≠n c√°c th√¥ng tin gi√∫p t√¥i nh√©:
Ng√†y: 2019-01-23
Th·ªùi gian: 9:0",2019-01-22 17:30:59.045427
/action_send_find_room,action : ,2019-01-22 17:31:19.593463
xin ch√†o,"Xin ch√†o üëã.
T√¥i c√≥ g√¨ gi√∫p g√¨ cho b·∫°n ü§î?",2019-01-22 17:33:53.773493
t√¨m ph√≤ng ng√†y mai l√∫c 9 gi·ªù,"D·∫°, tr∆∞·ªõc khi th·ª±c hi·ªán, b·∫°n x√°c nh·∫≠n c√°c th√¥ng tin gi√∫p t√¥i nh√©:
Ng√†y: 2019-01-23
Th·ªùi gian: 9:0",2019-01-22 17:34:01.288169
/action_send_find_room,action123 : ,2019-01-22 17:34:11.325189
xin ch√†o,Hello üëã,2019-01-22 17:36:06.091051
t√¨m ph√≤ng ng√†y mai l√∫c 9 gi·ªù,"D·∫°, tr∆∞·ªõc khi th·ª±c hi·ªán, b·∫°n x√°c nh·∫≠n c√°c th√¥ng tin gi√∫p t√¥i nh√©:
Ng√†y: 2019-01-23
Th·ªùi gian: 9:0",2019-01-22 17:36:12.289498
xin ch√†o,Hello üëã,2019-01-22 17:41:24.924014
t√¨m ph√≤ng ng√†y mai l√∫c 9 gi·ªù,"D·∫°, tr∆∞·ªõc khi th·ª±c hi·ªán, b·∫°n x√°c nh·∫≠n c√°c th√¥ng tin gi√∫p t√¥i nh√©:
Ng√†y: 2019-01-23
Th·ªùi gian: 9:0",2019-01-22 17:41:28.160501
"xin ch√†o
","Xin ch√†o üëã.
T√¥i c√≥ g√¨ gi√∫p g√¨ cho b·∫°n ü§î?",2019-01-22 17:42:46.903152
"t√¨m ph√≤ng ng√†y mai l√∫c 9 gi·ªù
","D·∫°, tr∆∞·ªõc khi th·ª±c hi·ªán, b·∫°n x√°c nh·∫≠n c√°c th√¥ng tin gi√∫p t√¥i nh√©:
Ng√†y: 2019-01-23
Th·ªùi gian: 9:0",2019-01-22 17:42:51.143149
,"Xin l·ªói, t√¥i kh√¥ng ch·∫Øc m√¨nh hi·ªÉu ƒë√∫ng √Ω b·∫°nü§î √ù b·∫°n l√†...",2019-01-22 17:43:05.940969
"ƒê·∫∑t ph√≤ng 105B, v√†o ng√†y 23/01/2019, l√∫c 9 gi·ªù 0.","T√¥i kh√¥ng hi·ªÉu √Ω b·∫°n, xin h√£y gi·∫£i th√≠ch cho t√¥i ü§î?",2019-01-22 17:45:55.967773
"ƒë·∫∑t ph√≤ng
",Xin l·ªói üôá‚Äç‚ôÇ T√¥i kh√¥ng hi·ªÉu √Ω b·∫°n?,2019-01-22 17:46:03.514751
"oke
",H·∫πn g·∫∑p b·∫°n v√†o l·∫ßn sau üëã,2019-01-22 17:46:09.433458
"bye
",H·∫πn g·∫∑p b·∫°n v√†o l·∫ßn sau üëã,2019-01-22 17:46:12.635682
"
","Xin l·ªói, t√¥i kh√¥ng ch·∫Øc m√¨nh hi·ªÉu ƒë√∫ng √Ω b·∫°nü§î √ù b·∫°n l√†...",2019-01-22 17:46:14.137121
"hi
","Xin l·ªói, t√¥i kh√¥ng ch·∫Øc m√¨nh hi·ªÉu ƒë√∫ng √Ω b·∫°nü§î √ù b·∫°n l√†...",2019-01-22 17:47:29.945178
"xin ch√†o
","Xin ch√†o üëã.
T√¥i c√≥ g√¨ gi√∫p g√¨ cho b·∫°n ü§î?",2019-01-22 17:47:32.963236
"t√¨m ph√≤ng tr·ªëng
","üìÖ  D·∫°, v√†o ng√†y n√†o th·∫ø ·∫°?",2019-01-22 17:47:38.587040
"ng√†y mai l√∫c 9 gi·ªù
","D·∫°, tr∆∞·ªõc khi th·ª±c hi·ªán, b·∫°n x√°c nh·∫≠n c√°c th√¥ng tin gi√∫p t√¥i nh√©:
Ng√†y: 2019-01-23
Th·ªùi gian: 9:0",2019-01-22 17:47:43.784746
"ƒê·∫∑t ph√≤ng 105B, v√†o ng√†y 23/01/2019, l√∫c 9 gi·ªù 0.",Xin l·ªói üôá‚Äç‚ôÇ T√¥i kh√¥ng hi·ªÉu √Ω b·∫°n?,2019-01-22 17:47:52.788108
"ƒë·∫∑t ph√≤ng
",Xin l·ªói üôá‚Äç‚ôÇ T√¥i kh√¥ng hi·ªÉu √Ω b·∫°n?,2019-01-22 17:48:01.043858
"hmmm
",D·∫°. Kh√¥ng c√≥ chi ·∫° üôÜ‚Äç‚ôÇÔ∏è,2019-01-22 17:48:04.863254
"hmmm
",H·∫πn g·∫∑p b·∫°n v√†o l·∫ßn sau üëã,2019-01-22 17:48:07.765372
"hmmm
",H·∫πn g·∫∑p b·∫°n v√†o l·∫ßn sau üëã,2019-01-22 17:48:10.095140
"t√¨m ph√≤ng 210B
","C√≥ v·∫ª b·∫°n ƒëang nh·∫ßm l·∫´n ·ªü ƒë√¢y ·∫°, trong h·ªá th·ªëng kh√¥ng c√≥ ph√≤ng 210B :(
 Hi·ªán t·∫°i h·ªá th·ªëng c√≥ nh·ªØng ph√≤ng sau ƒë√¢y ·∫°:",2019-01-22 17:48:29.114867
,"Xin l·ªói, t√¥i kh√¥ng ch·∫Øc m√¨nh hi·ªÉu ƒë√∫ng √Ω b·∫°nü§î √ù b·∫°n l√†...",2019-01-22 17:48:38.333577
"t√¨m ph√≤ng ng√†y 20/1
","Hmmmm!! L√†m sao ƒë·ªÉ t√¨m ph√≤ng ·ªü qu√° kh·ª© nh·ªâ :v
 H√£y t√¨m ki·∫øm ·ªü nh·ªØng ng√†y t∆∞∆°ng lai nha :)))",2019-01-22 17:49:58.896030
"ng√†y mai
",‚è≤Ô∏è Cu·ªôc h·ªçp b·∫Øt ƒë·∫ßu l√∫c m·∫•y gi·ªù ·∫° ?,2019-01-22 17:50:10.801015
"l√∫c 9 gi·ªù
","D·∫°, tr∆∞·ªõc khi th·ª±c hi·ªán, b·∫°n x√°c nh·∫≠n c√°c th√¥ng tin gi√∫p t√¥i nh√©:
Ng√†y: 2019-01-23
Th·ªùi gian: 9:0",2019-01-22 17:50:15.025228
"ƒë·∫∑t ph√≤ng
",D·∫° v√¢ng. Kh√¥ng c√≥ chi ·∫° üôÜ‚Äç‚ôÇ,2019-01-22 17:50:23.819068
"t√¨m ph√≤ng 105B cho 30 ng∆∞·ªùi
","D·∫°, hi·ªán t·∫°i h·ªá th·ªëng ph√≤ng c√≥ s·ª©c ch·ª©a nhi·ªÅu nh·∫•t l√† 16 ng∆∞·ªùi th√¥i a.
 V·∫≠y n√™n t√¥i s·∫Ω l·∫•y ph√≤ng l·ªõn nh·∫•t cho b·∫°n nh√©, b·∫°n c√≥ th·ªÉ l·∫•y th√™m gh·∫ø nh·ª±a ƒë·ªÉ b·ªï sung ch·ªó ng·ªìi ·∫°! ",2019-01-22 17:51:05.585983
"t√¨m ph√≤ng 209B
","C√≥ v·∫ª b·∫°n ƒëang nh·∫ßm l·∫´n ·ªü ƒë√¢y ·∫°, trong h·ªá th·ªëng kh√¥ng c√≥ ph√≤ng 209B :(
 Hi·ªán t·∫°i h·ªá th·ªëng c√≥ nh·ªØng ph√≤ng sau ƒë√¢y ·∫°:",2019-01-22 17:51:29.461377
"t√¨m ph√≤ng cho 30 ng∆∞·ªùi
","D·∫°, hi·ªán t·∫°i h·ªá th·ªëng ph√≤ng c√≥ s·ª©c ch·ª©a nhi·ªÅu nh·∫•t l√† 16 ng∆∞·ªùi th√¥i a.
 V·∫≠y n√™n t√¥i s·∫Ω l·∫•y ph√≤ng l·ªõn nh·∫•t cho b·∫°n nh√©, b·∫°n c√≥ th·ªÉ l·∫•y th√™m gh·∫ø nh·ª±a ƒë·ªÉ b·ªï sung ch·ªó ng·ªìi ·∫°! ",2019-01-22 17:57:50.252840
/action_set_max_quantity,Bye bye üëãüëãüëã,2019-01-22 17:57:53.830874
"t√¨m ph√≤ng cho 30 ng∆∞·ªùi
","T√¥i kh√¥ng hi·ªÉu √Ω b·∫°n, xin h√£y gi·∫£i th√≠ch cho t√¥i ü§î?",2019-01-22 17:58:13.287587
"t√¨m ph√≤ng 205B cho 15 ng∆∞·ªùi
",üìÖ  V√†o ng√†y n√†o th·∫ø ·∫°?,2019-01-22 17:58:33.094536
"ng√†y mai
",‚è≤Ô∏è Cu·ªôc h·ªçp b·∫Øt ƒë·∫ßu l√∫c m·∫•y gi·ªù ·∫° ?,2019-01-22 17:58:36.886204
"l√∫c 9 gi·ªù
","D·∫°, tr∆∞·ªõc khi th·ª±c hi·ªán, b·∫°n x√°c nh·∫≠n c√°c th√¥ng tin gi√∫p t√¥i nh√©:
Ng√†y: 2019-01-23
Th·ªùi gian: 9:0
M√£ ph√≤ng: 205B
S·ªë l∆∞·ª£ng ng∆∞·ªùi tham gia: 15",2019-01-22 17:58:41.908084
"xin ch√†o
",Xin ch√†ooo üëã,2019-01-23 15:46:54.994161
"t√¨m ph√≤ng
",üìÖ  Cu·ªôc h·ªçp v√†o ng√†y n√†o ·∫°?,2019-01-23 15:47:04.365542
"ng√†y mai l√∫c 9 gi·ªù t·ªëi
","D·∫°, th·ªùi gian ph√≤ng h·ªçp ƒë∆∞·ª£c ho·∫°t ƒë·ªông s·∫Ω l√† t·ª´ 8:00-12:00 s√°ng, c√≤n chi·ªÅu th√¨ t·ª´ 13:15 - 17:00 th√¥i ·∫° ^^. ",2019-01-23 15:47:12.026466
xin ch√†o,"Xin l·ªói, t√¥i kh√¥ng ch·∫Øc m√¨nh hi·ªÉu ƒë√∫ng √Ω b·∫°nü§î √ù b·∫°n l√†...",2019-01-25 10:45:00.321498
oke,"T√¥i xin l·ªói, t√¥i kh√¥ng th·ªÉ gi√∫p b·∫°n ƒë∆∞·ª£c :( Vui l√≤ng cho t√¥i bi·∫øt n·∫øu b·∫°n c√≥ b·∫•t k·ª≥ ƒë·ªÅ xu·∫•t n√†o v·ªÅ c√°ch t√¥i c√≥ th·ªÉ c·∫£i thi·ªán ·∫°.",2019-01-25 10:45:10.534091
xin ch√†o,C·∫£m ∆°n v·ªÅ ph·∫£n h·ªìi c·ªßa b·∫°n! Ch√∫ng t√¥i s·∫Ω ghi nh·∫≠n ph·∫£n h·ªìi v√† tr·∫£ l·ªùi b·∫°n s·ªõm nh·∫•t ·∫°!,2019-01-25 10:45:15.690731
ch√†o,"Xin ch√†o üëã.
T√¥i c√≥ g√¨ gi√∫p g√¨ cho b·∫°n ü§î?",2019-01-25 10:45:21.186825
t√¨m ph√≤ng,üìÖ  V√†o ng√†y n√†o th·∫ø ·∫°?,2019-01-25 10:45:26.459837
ng√†i h√¥m qua,"Hmmmm!! L√†m sao ƒë·ªÉ t√¨m ph√≤ng ·ªü qu√° kh·ª© nh·ªâ :v
 H√£y t√¨m ki·∫øm ·ªü nh·ªØng ng√†y t∆∞∆°ng lai nha :)))",2019-01-25 10:45:36.350521
oke,"Xin l·ªói, t√¥i kh√¥ng ch·∫Øc m√¨nh hi·ªÉu ƒë√∫ng √Ω b·∫°nü§î √ù b·∫°n l√†...",2019-01-25 10:45:43.049241
ng√†y mai,‚è≤Ô∏è Cu·ªôc h·ªçp b·∫Øt ƒë·∫ßu l√∫c m·∫•y gi·ªù ·∫° ?,2019-01-25 10:45:54.156733
l√∫c 9 gi·ªù,"D·∫°, tr∆∞·ªõc khi th·ª±c hi·ªán, b·∫°n x√°c nh·∫≠n c√°c th√¥ng tin gi√∫p t√¥i nh√©:
Ng√†y: 2019-01-26
Th·ªùi gian: 9:0",2019-01-25 10:46:02.967180
ƒë√∫ng,"Xin l·ªói, t√¥i kh√¥ng ch·∫Øc m√¨nh hi·ªÉu ƒë√∫ng √Ω b·∫°nü§î √ù b·∫°n l√†...",2019-01-25 10:46:10.514277
ƒë√∫ng,"T√¥i xin l·ªói, t√¥i kh√¥ng th·ªÉ gi√∫p b·∫°n ƒë∆∞·ª£c :( Vui l√≤ng cho t√¥i bi·∫øt n·∫øu b·∫°n c√≥ b·∫•t k·ª≥ ƒë·ªÅ xu·∫•t n√†o v·ªÅ c√°ch t√¥i c√≥ th·ªÉ c·∫£i thi·ªán ·∫°.",2019-01-25 10:46:18.795715
ƒë√π,C·∫£m ∆°n v·ªÅ ph·∫£n h·ªìi c·ªßa b·∫°n! Ch√∫ng t√¥i s·∫Ω ghi nh·∫≠n ph·∫£n h·ªìi v√† tr·∫£ l·ªùi b·∫°n s·ªõm nh·∫•t ·∫°!,2019-01-25 10:46:26.206392
t√¨m ph√≤ng,"üìÖ  D·∫°, v√†o ng√†y n√†o th·∫ø ·∫°?",2019-01-25 10:46:31.698427
ng√†y mai l√∫c 9 gi·ªù,"D·∫°, tr∆∞·ªõc khi th·ª±c hi·ªán, b·∫°n x√°c nh·∫≠n c√°c th√¥ng tin gi√∫p t√¥i nh√©:
Ng√†y: 2019-01-26
Th·ªùi gian: 9:0",2019-01-25 10:46:42.128120
oke,"Xin l·ªói, t√¥i kh√¥ng ch·∫Øc m√¨nh hi·ªÉu ƒë√∫ng √Ω b·∫°nü§î √ù b·∫°n l√†...",2019-01-25 10:46:48.114995
ƒë√∫ng,"T√¥i xin l·ªói, t√¥i kh√¥ng th·ªÉ gi√∫p b·∫°n ƒë∆∞·ª£c :( Vui l√≤ng cho t√¥i bi·∫øt n·∫øu b·∫°n c√≥ b·∫•t k·ª≥ ƒë·ªÅ xu·∫•t n√†o v·ªÅ c√°ch t√¥i c√≥ th·ªÉ c·∫£i thi·ªán ·∫°.",2019-01-25 10:46:57.187718
xin ch√†o,C·∫£m ∆°n v·ªÅ ph·∫£n h·ªìi c·ªßa b·∫°n! Ch√∫ng t√¥i s·∫Ω ghi nh·∫≠n ph·∫£n h·ªìi v√† tr·∫£ l·ªùi b·∫°n s·ªõm nh·∫•t ·∫°!,2019-01-25 10:47:05.507306
t√¨m ph√≤ng,"üìÖ  D·∫°, v√†o ng√†y n√†o th·∫ø ·∫°?",2019-01-25 10:47:23.612360
ng√†y mai l√∫c 9 gi·ªù,Th·ªùi l∆∞·ª£ng c·ªßa cu·ªôc h·ªçp l√† bao l√¢u ·∫°?,2019-01-25 10:47:38.045629
1 ti·∫øng,Bao nhi√™u ng∆∞·ªùi s·∫Ω tham gia cu·ªôc h·ªçp ·∫°?,2019-01-25 10:47:46.858526
10,"Xin l·ªói, t√¥i kh√¥ng ch·∫Øc m√¨nh hi·ªÉu ƒë√∫ng √Ω b·∫°nü§î √ù b·∫°n l√†...",2019-01-25 10:47:50.613457
10 ng∆∞·ªùi,"D·∫°, tr∆∞·ªõc khi th·ª±c hi·ªán, b·∫°n x√°c nh·∫≠n c√°c th√¥ng tin gi√∫p t√¥i nh√©:
Ng√†y: 2019-01-26
Th·ªùi gian: 9:0
Th·ªùi l∆∞·ª£ng: 60
S·ªë l∆∞·ª£ng ng∆∞·ªùi tham gia: 10",2019-01-25 10:47:59.608538
th√¥ng tin ƒë√∫ng,"Xin l·ªói, t√¥i kh√¥ng ch·∫Øc m√¨nh hi·ªÉu ƒë√∫ng √Ω b·∫°nü§î √ù b·∫°n l√†...",2019-01-25 10:48:07.944418
th√¥ng tin ƒë√∫ng,"T√¥i xin l·ªói, t√¥i kh√¥ng th·ªÉ gi√∫p b·∫°n ƒë∆∞·ª£c :( Vui l√≤ng cho t√¥i bi·∫øt n·∫øu b·∫°n c√≥ b·∫•t k·ª≥ ƒë·ªÅ xu·∫•t n√†o v·ªÅ c√°ch t√¥i c√≥ th·ªÉ c·∫£i thi·ªán ·∫°.",2019-01-25 10:48:10.922831
"xin ch√†o
",C·∫£m ∆°n v·ªÅ ph·∫£n h·ªìi c·ªßa b·∫°n! Ch√∫ng t√¥i s·∫Ω ghi nh·∫≠n ph·∫£n h·ªìi v√† tr·∫£ l·ªùi b·∫°n s·ªõm nh·∫•t ·∫°!,2019-01-25 10:54:02.715026
"xin ch√†o
","Xin l·ªói, t√¥i kh√¥ng ch·∫Øc m√¨nh hi·ªÉu ƒë√∫ng √Ω b·∫°nü§î √ù b·∫°n l√†...",2019-01-25 10:57:08.877393
/greet,Hello üëã,2019-01-25 10:57:14.441725
"t√¨m ph√≤ng
",üìÖ  Cu·ªôc h·ªçp v√†o ng√†y n√†o ·∫°?,2019-01-25 10:57:38.532117
"ng√†y mai
",‚è≤Ô∏è Cu·ªôc h·ªçp b·∫Øt ƒë·∫ßu l√∫c m·∫•y gi·ªù ·∫° ?,2019-01-25 10:57:42.132185
"9 gi·ªù
","D·∫°, tr∆∞·ªõc khi th·ª±c hi·ªán, b·∫°n x√°c nh·∫≠n c√°c th√¥ng tin gi√∫p t√¥i nh√©:
Ng√†y: 2019-01-26
Th·ªùi gian: 9:0",2019-01-25 10:57:46.580537
"xin ch√†o
","Xin l·ªói, t√¥i kh√¥ng ch·∫Øc m√¨nh hi·ªÉu ƒë√∫ng √Ω b·∫°nü§î √ù b·∫°n l√†...",2019-01-25 11:11:18.332808
"xin ch√†o
","Xin ch√†o üëã.
T√¥i c√≥ g√¨ gi√∫p g√¨ cho b·∫°n ü§î?",2019-01-25 11:18:41.947473
"t√¨m ph√≤ng
",üìÖ  V√†o ng√†y n√†o th·∫ø ·∫°?,2019-01-25 11:18:46.453702
"mai
","Xin l·ªói, t√¥i kh√¥ng ch·∫Øc m√¨nh hi·ªÉu ƒë√∫ng √Ω b·∫°nü§î √ù b·∫°n l√†...",2019-01-25 11:18:49.511535
/enter_info,Hic!! T√¥i kh√¥ng hi·ªÉu l·∫Øm :( h√£y n√≥i r√µ cho t√¥i h∆°n ·∫°!,2019-01-25 11:18:56.020704
"ng√†y mai
",‚è≤Ô∏è Cu·ªôc h·ªçp b·∫Øt ƒë·∫ßu l√∫c m·∫•y gi·ªù ·∫° ?,2019-01-25 11:19:07.635788
"9 gi·ªù t·ªëi
","Hmmmm, t√¥i ch·ªâ c√≥ th·ªÉ gi√∫p b·∫°n t√¨m ph√≤ng v√†o bu·ªïi s√°ng v√† bu·ªïi chi·ªÅu th√¥i ·∫°!",2019-01-25 11:19:14.620438
"9 gi·ªù s√°ng
","D·∫°, tr∆∞·ªõc khi th·ª±c hi·ªán, b·∫°n x√°c nh·∫≠n c√°c th√¥ng tin gi√∫p t√¥i nh√©:
Ng√†y: 2019-01-26
Th·ªùi gian: 9 gi·ªù s√°ng",2019-01-25 11:19:20.406016
"ch√†o
","Xin ch√†o üëã.
T√¥i c√≥ g√¨ gi√∫p g√¨ cho b·∫°n ü§î?",2019-01-25 14:00:11.265500
"t√¨m ph√≤ng
","D·∫°, tr∆∞·ªõc khi th·ª±c hi·ªán, b·∫°n x√°c nh·∫≠n c√°c th√¥ng tin gi√∫p t√¥i nh√©:
Ng√†y: None
Th·ªùi gian: None",2019-01-25 14:01:57.296307
"t√¨m ph√≤ng
",üìÖ  V√†o ng√†y n√†o th·∫ø ·∫°?,2019-01-25 14:02:20.651379
"ngy√† mai
",Ng√†y t√¨m ki·∫øm kh√¥ng h·ª£p l·ªá :( Vui l√≤ng nh·∫≠p l·∫°i.,2019-01-25 14:02:29.311395
"ng√†y mai
","D·∫°, tr∆∞·ªõc khi th·ª±c hi·ªán, b·∫°n x√°c nh·∫≠n c√°c th√¥ng tin gi√∫p t√¥i nh√©:
Ng√†y: 2019-01-26
Th·ªùi gian: None",2019-01-25 14:02:33.452403
"xin ch√†o
",Xin ch√†ooo üëã,2019-01-25 19:43:00.806768
"t√¨m ph√≤ng
",üìÖ  V√†o ng√†y n√†o th·∫ø ·∫°?,2019-01-25 19:43:05.886505
"d·ª´ng 
","T√¥i kh√¥ng hi·ªÉu √Ω b·∫°n, xin h√£y gi·∫£i th√≠ch cho t√¥i ü§î?",2019-01-25 19:43:12.315316
"d·ª´ng l·∫°i
","Xin l·ªói, t√¥i kh√¥ng ch·∫Øc m√¨nh hi·ªÉu ƒë√∫ng √Ω b·∫°nü§î √ù b·∫°n l√†...",2019-01-25 19:43:28.801233
/deny,Xin l·ªói üôá‚Äç‚ôÇ T√¥i kh√¥ng hi·ªÉu √Ω b·∫°n?,2019-01-25 19:43:42.214888
"kh√¥ng t√¨m ph√≤ng
","T√¥i kh√¥ng hi·ªÉu √Ω b·∫°n, xin h√£y gi·∫£i th√≠ch cho t√¥i ü§î?",2019-01-25 19:43:52.503212
"t√¨m ph√≤ng
",Xin l·ªói üôá‚Äç‚ôÇ T√¥i kh√¥ng hi·ªÉu √Ω b·∫°n?,2019-01-25 19:44:02.235021
"t√¨m ph√≤ng √°
",Xin l·ªói üôá‚Äç‚ôÇ T√¥i kh√¥ng hi·ªÉu √Ω b·∫°n?,2019-01-25 19:44:08.431312
"thua
","T√¥i kh√¥ng hi·ªÉu √Ω b·∫°n, xin h√£y gi·∫£i th√≠ch cho t√¥i ü§î?",2019-01-25 19:44:17.222432
"t√¨m ph√≤ng
",Xin l·ªói üôá‚Äç‚ôÇ T√¥i kh√¥ng hi·ªÉu √Ω b·∫°n?,2019-01-25 19:44:29.402178
"xin ch√†o
",Xin l·ªói üôá‚Äç‚ôÇ T√¥i kh√¥ng hi·ªÉu √Ω b·∫°n?,2019-01-25 19:44:34.917148
"ch√†o
","T√¥i kh√¥ng hi·ªÉu √Ω b·∫°n, xin h√£y gi·∫£i th√≠ch cho t√¥i ü§î?",2019-01-25 19:44:39.257559
"ch√†o
",Xin l·ªói üôá‚Äç‚ôÇ T√¥i kh√¥ng hi·ªÉu √Ω b·∫°n?,2019-01-25 19:44:44.252923
"t·∫°m bi·ªát
",Hmmmm!!! B·∫°n ƒëang t√¨m ph√≤ng m√†? B·∫°n c√≥ mu·ªën ti·∫øp t·ª•c kh√¥ng ·∫°?,2019-01-25 19:44:49.391453
/wrong_info,"D·∫°, tr∆∞·ªõc khi th·ª±c hi·ªán, b·∫°n x√°c nh·∫≠n c√°c th√¥ng tin gi√∫p t√¥i nh√©:
Ng√†y: None
Th·ªùi gian: None",2019-01-25 19:45:01.003623
/action_send_find_room,You are welcome üôÜ‚Äç‚ôÇÔ∏è,2019-01-25 19:45:10.275715
"xin ch√†o
","Xin ch√†o üëã.
T√¥i c√≥ g√¨ gi√∫p g√¨ cho b·∫°n ü§î?",2019-01-25 19:45:42.461929
"xin ch√†o
","Xin ch√†o üëã.
T√¥i c√≥ g√¨ gi√∫p g√¨ cho b·∫°n ü§î?",2019-01-25 19:46:10.914320
"t√¨m ph√≤ng
","üìÖ  D·∫°, v√†o ng√†y n√†o th·∫ø ·∫°?",2019-01-25 19:46:14.493103
"t√¨m ph√≤ng kh√°c
","T√¥i kh√¥ng hi·ªÉu √Ω b·∫°n, xin h√£y gi·∫£i th√≠ch cho t√¥i ü§î?",2019-01-25 19:46:27.975626
"t√¨m ph√≤ng
","üìÖ  D·∫°, v√†o ng√†y n√†o th·∫ø ·∫°?",2019-01-25 19:46:48.352919
"t√¨m ph√≤ng kh√°c
",Xin l·ªói üôá‚Äç‚ôÇ T√¥i kh√¥ng hi·ªÉu √Ω b·∫°n?,2019-01-25 19:46:53.074602
"ch√†o
",Hello üëã,2019-01-25 19:47:34.255180
"t√¨m ph√≤ng
","üìÖ  D·∫°, v√†o ng√†y n√†o th·∫ø ·∫°?",2019-01-25 19:47:37.172928
√°ƒë√°,"Xin l·ªói, t√¥i kh√¥ng ch·∫Øc m√¨nh hi·ªÉu ƒë√∫ng √Ω b·∫°nü§î √ù b·∫°n l√†...",2019-03-04 11:17:22.210530
xin ch√†o,Hello üëã,2019-03-04 11:17:27.246287
ƒë·∫∑t ph√≤ng,üìÖ  Cu·ªôc h·ªçp v√†o ng√†y n√†o ·∫°?,2019-03-04 11:17:30.529692
ng√†y mai l√∫c 9 gi·ªù cho 10 ng∆∞·ªùi,Th·ªùi l∆∞·ª£ng c·ªßa cu·ªôc h·ªçp l√† bao l√¢u ·∫°?,2019-03-04 11:17:37.341543
1 ti√™nnsg,Th·ªùi l∆∞·ª£ng c·ªßa cu·ªôc h·ªçp l√† bao l√¢u ·∫°?,2019-03-04 11:17:42.098727
1 ti·∫øng,"D·∫°, tr∆∞·ªõc khi th·ª±c hi·ªán, b·∫°n x√°c nh·∫≠n c√°c th√¥ng tin gi√∫p t√¥i nh√©:
Ng√†y: 2019-03-05
Th·ªùi gian: 9:0
Th·ªùi l∆∞·ª£ng: 60
S·ªë l∆∞·ª£ng ng∆∞·ªùi tham gia: 1",2019-03-04 11:17:46.092478
ƒë·∫∑t ph√≤ng,üìÖ  V√†o ng√†y n√†o th·∫ø ·∫°?,2019-03-04 12:25:26.322345
ng√†y mai l√∫c 9 gi·ªù cho 10 ng∆∞·ªùi,Th·ªùi l∆∞·ª£ng c·ªßa cu·ªôc h·ªçp l√† bao l√¢u ·∫°?,2019-03-04 12:25:36.337334
kho·∫£ng 2 ti·∫øng,"C·∫£m ∆°n b·∫°n ƒë√£ cung c·∫•p th√¥ng tin, b·∫°n x√°c nh·∫≠n c√°c th√¥ng tin ƒë√£ cung c·∫•p gi√∫p t√¥i nh√©:
Ng√†y: 2019-03-05
Th·ªùi gian: 9:0
Th·ªùi l∆∞·ª£ng: 120
S·ªë l∆∞·ª£ng ng∆∞·ªùi tham gia: 10",2019-03-04 12:25:41.762248
a,"Xin l·ªói, t√¥i kh√¥ng ch·∫Øc m√¨nh hi·ªÉu ƒë√∫ng √Ω b·∫°nü§î √ù b·∫°n l√†...",2019-03-04 12:37:08.801695
a,"T√¥i xin l·ªói, t√¥i kh√¥ng th·ªÉ gi√∫p b·∫°n ƒë∆∞·ª£c :( Vui l√≤ng cho t√¥i bi·∫øt n·∫øu b·∫°n c√≥ b·∫•t k·ª≥ ƒë·ªÅ xu·∫•t n√†o v·ªÅ c√°ch t√¥i c√≥ th·ªÉ c·∫£i thi·ªán ·∫°.",2019-03-04 12:37:09.092757
a,C·∫£m ∆°n v·ªÅ ph·∫£n h·ªìi c·ªßa b·∫°n! Ch√∫ng t√¥i s·∫Ω ghi nh·∫≠n ph·∫£n h·ªìi v√† tr·∫£ l·ªùi b·∫°n s·ªõm nh·∫•t ·∫°!,2019-03-04 12:37:09.383125
a,"Xin l·ªói, t√¥i kh√¥ng ch·∫Øc m√¨nh hi·ªÉu ƒë√∫ng √Ω b·∫°nü§î √ù b·∫°n l√†...",2019-03-04 12:37:09.687555
a,C·∫£m ∆°n v·ªÅ ph·∫£n h·ªìi c·ªßa b·∫°n! Ch√∫ng t√¥i s·∫Ω ghi nh·∫≠n ph·∫£n h·ªìi v√† tr·∫£ l·ªùi b·∫°n s·ªõm nh·∫•t ·∫°!,2019-03-04 12:37:09.972308
a,"Xin l·ªói, t√¥i kh√¥ng ch·∫Øc m√¨nh hi·ªÉu ƒë√∫ng √Ω b·∫°nü§î √ù b·∫°n l√†...",2019-03-04 12:37:10.244746
a,C·∫£m ∆°n v·ªÅ ph·∫£n h·ªìi c·ªßa b·∫°n! Ch√∫ng t√¥i s·∫Ω ghi nh·∫≠n ph·∫£n h·ªìi v√† tr·∫£ l·ªùi b·∫°n s·ªõm nh·∫•t ·∫°!,2019-03-04 12:37:10.756449
a,"Xin l·ªói, t√¥i kh√¥ng ch·∫Øc m√¨nh hi·ªÉu ƒë√∫ng √Ω b·∫°nü§î √ù b·∫°n l√†...",2019-03-04 12:37:11.049256
√¢,C·∫£m ∆°n v·ªÅ ph·∫£n h·ªìi c·ªßa b·∫°n! Ch√∫ng t√¥i s·∫Ω ghi nh·∫≠n ph·∫£n h·ªìi v√† tr·∫£ l·ªùi b·∫°n s·ªõm nh·∫•t ·∫°!,2019-03-04 12:38:12.709828
oke,"C·∫£m ∆°n b·∫°n ƒë√£ cung c·∫•p th√¥ng tin, b·∫°n x√°c nh·∫≠n c√°c th√¥ng tin ƒë√£ cung c·∫•p gi√∫p t√¥i nh√©:
Ng√†y: None
Th·ªùi gian: None",2019-03-04 12:38:20.099756
√¢,"Xin l·ªói, t√¥i kh√¥ng ch·∫Øc m√¨nh hi·ªÉu ƒë√∫ng √Ω b·∫°nü§î √ù b·∫°n l√†...",2019-03-04 12:39:52.736790
√°ƒë√°,"T√¥i xin l·ªói, t√¥i kh√¥ng th·ªÉ gi√∫p b·∫°n ƒë∆∞·ª£c :( Vui l√≤ng cho t√¥i bi·∫øt n·∫øu b·∫°n c√≥ b·∫•t k·ª≥ ƒë·ªÅ xu·∫•t n√†o v·ªÅ c√°ch t√¥i c√≥ th·ªÉ c·∫£i thi·ªán ·∫°.",2019-03-04 12:39:55.740932
ƒë·∫∑t ph√≤ng,C·∫£m ∆°n v·ªÅ ph·∫£n h·ªìi c·ªßa b·∫°n! Ch√∫ng t√¥i s·∫Ω ghi nh·∫≠n ph·∫£n h·ªìi v√† tr·∫£ l·ªùi b·∫°n s·ªõm nh·∫•t ·∫°!,2019-03-04 12:40:08.246421
ƒë·∫∑t ph√≤ng ,üìÖ  V√†o ng√†y n√†o th·∫ø ·∫°?,2019-03-04 12:40:14.473851
mai,"T√¥i kh√¥ng hi·ªÉu ƒë∆∞·ª£c 'mai', h√£y n√≥i r√µ h∆°n cho t√¥i :(",2019-03-04 12:40:19.706644
ng√†y mai,‚è≤Ô∏è Cu·ªôc h·ªçp b·∫Øt ƒë·∫ßu l√∫c m·∫•y gi·ªù ·∫° ?,2019-03-04 12:40:24.900774
l√∫c 9 gi·ªù,Th·ªùi l∆∞·ª£ng c·ªßa cu·ªôc h·ªçp l√† bao l√¢u ·∫°?,2019-03-04 12:40:32.383516
1 ti·∫øng,Bao nhi√™u ng∆∞·ªùi s·∫Ω tham gia cu·ªôc h·ªçp ·∫°?,2019-03-04 12:40:37.080311
10 ng∆∞·ªùi,"C·∫£m ∆°n b·∫°n ƒë√£ cung c·∫•p th√¥ng tin, b·∫°n x√°c nh·∫≠n c√°c th√¥ng tin ƒë√£ cung c·∫•p gi√∫p t√¥i nh√©:
Ng√†y: 2019-03-05
Th·ªùi gian: 9:0
Th·ªùi l∆∞·ª£ng: 60
S·ªë l∆∞·ª£ng ng∆∞·ªùi tham gia: 10",2019-03-04 12:40:45.623476
a,"Xin l·ªói, t√¥i kh√¥ng ch·∫Øc m√¨nh hi·ªÉu ƒë√∫ng √Ω b·∫°nü§î √ù b·∫°n l√†...",2019-03-04 12:44:42.647222
v√£i,"Xin l·ªói, t√¥i kh√¥ng ch·∫Øc m√¨nh hi·ªÉu ƒë√∫ng √Ω b·∫°nü§î √ù b·∫°n l√†...",2019-03-04 12:44:53.727522
ƒë·∫∑t ph√≤ng ƒëi,üìÖ  V√†o ng√†y n√†o th·∫ø ·∫°?,2019-03-04 12:44:59.854827
ng√†y mai,‚è≤Ô∏è Cu·ªôc h·ªçp b·∫Øt ƒë·∫ßu l√∫c m·∫•y gi·ªù ·∫° ?,2019-03-04 12:45:04.320218
8 gi·ªù,Th·ªùi l∆∞·ª£ng c·ªßa cu·ªôc h·ªçp l√† bao l√¢u ·∫°?,2019-03-04 12:45:09.297395
ƒë·∫∑t ph√≤ng,"üìÖ  D·∫°, v√†o ng√†y n√†o th·∫ø ·∫°?",2019-03-04 14:26:36.366478
ng√†y mai l√∫c 9 gi·ªù cho 10 ng∆∞·ªùi,Th·ªùi l∆∞·ª£ng c·ªßa cu·ªôc h·ªçp l√† bao l√¢u ·∫°?,2019-03-04 14:26:47.886133
kho·∫£ng 2 ti·∫øng,"C·∫£m ∆°n b·∫°n ƒë√£ cung c·∫•p th√¥ng tin, b·∫°n x√°c nh·∫≠n c√°c th√¥ng tin ƒë√£ cung c·∫•p gi√∫p t√¥i nh√©:
Ng√†y: 2019-03-05
Th·ªùi gian: 9:0
Th·ªùi l∆∞·ª£ng: 120
S·ªë l∆∞·ª£ng ng∆∞·ªùi tham gia: 10",2019-03-04 14:26:53.751206
abc,"Xin l·ªói, t√¥i kh√¥ng ch·∫Øc m√¨nh hi·ªÉu ƒë√∫ng √Ω b·∫°nü§î √ù b·∫°n l√†...",2019-03-04 14:42:43.696628
ƒë·∫∑t ph√≤ng,üìÖ  V√†o ng√†y n√†o th·∫ø ·∫°?,2019-03-04 14:43:03.156360
ng√†y mai,‚è≤Ô∏è Cu·ªôc h·ªçp b·∫Øt ƒë·∫ßu l√∫c m·∫•y gi·ªù ·∫° ?,2019-03-04 14:43:10.837766
ƒë·∫∑t ph√≤ng,Xin l·ªói üôá‚Äç‚ôÇ T√¥i kh√¥ng hi·ªÉu √Ω b·∫°n?,2019-03-04 14:43:57.439982
ƒë·∫∑t ph√≤ng,üìÖ  Cu·ªôc h·ªçp v√†o ng√†y n√†o ·∫°?,2019-03-04 14:44:22.950706
ng√†y mai,‚è≤Ô∏è Cu·ªôc h·ªçp b·∫Øt ƒë·∫ßu l√∫c m·∫•y gi·ªù ·∫° ?,2019-03-04 14:44:29.505244
l√∫c 8 gi·ªù,Th·ªùi l∆∞·ª£ng c·ªßa cu·ªôc h·ªçp l√† bao l√¢u ·∫°?,2019-03-04 14:44:38.902147
kho·∫£ng 2 ti·∫øng,Bao nhi√™u ng∆∞·ªùi s·∫Ω tham gia cu·ªôc h·ªçp ·∫°?,2019-03-04 14:44:48.654516
10 ng∆∞·ªùi,"C·∫£m ∆°n b·∫°n ƒë√£ cung c·∫•p th√¥ng tin, b·∫°n x√°c nh·∫≠n c√°c th√¥ng tin ƒë√£ cung c·∫•p gi√∫p t√¥i nh√©:
Ng√†y: 2019-03-05
Th·ªùi gian: 8:0
Th·ªùi l∆∞·ª£ng: 120
S·ªë l∆∞·ª£ng ng∆∞·ªùi tham gia: 10",2019-03-04 14:45:03.380280
ƒë·∫∑t ph√≤ng,üìÖ  Cu·ªôc h·ªçp v√†o ng√†y n√†o ·∫°?,2019-03-04 14:46:43.922756
ng√†y mai,‚è≤Ô∏è Cu·ªôc h·ªçp b·∫Øt ƒë·∫ßu l√∫c m·∫•y gi·ªù ·∫° ?,2019-03-04 14:46:50.548530
l√∫c 8 gi·ªù,Th·ªùi l∆∞·ª£ng c·ªßa cu·ªôc h·ªçp l√† bao l√¢u ·∫°?,2019-03-04 14:46:58.838113
kho·∫£ng 2 ti·∫øng,B·∫°n ƒë·∫∑t ph√≤ng cho bao nhi√™u ng∆∞·ªùi ·∫°?,2019-03-04 14:47:07.828220
10 ng∆∞·ªùi,"C·∫£m ∆°n b·∫°n ƒë√£ cung c·∫•p th√¥ng tin, b·∫°n x√°c nh·∫≠n c√°c th√¥ng tin ƒë√£ cung c·∫•p gi√∫p t√¥i nh√©:
Ng√†y: 2019-03-05
Th·ªùi gian: 8:0
Th·ªùi l∆∞·ª£ng: 120
S·ªë l∆∞·ª£ng ng∆∞·ªùi tham gia: 10",2019-03-04 14:47:17.777935
ƒë·∫∑t ph√≤ng,üìÖ  Cu·ªôc h·ªçp v√†o ng√†y n√†o ·∫°?,2019-03-04 14:49:22.546946
ng√†y mai,‚è≤Ô∏è Cu·ªôc h·ªçp b·∫Øt ƒë·∫ßu l√∫c m·∫•y gi·ªù ·∫° ?,2019-03-04 14:49:28.742357
l√∫c 8 gi·ªù,Th·ªùi l∆∞·ª£ng c·ªßa cu·ªôc h·ªçp l√† bao l√¢u ·∫°?,2019-03-04 14:49:36.247771
kho·∫£ng 2 ti·∫øng,B·∫°n ƒë·∫∑t ph√≤ng cho bao nhi√™u ng∆∞·ªùi ·∫°?,2019-03-04 14:49:43.694572
6 ng∆∞·ªùi,"C·∫£m ∆°n b·∫°n ƒë√£ cung c·∫•p th√¥ng tin, b·∫°n x√°c nh·∫≠n c√°c th√¥ng tin ƒë√£ cung c·∫•p gi√∫p t√¥i nh√©:
Ng√†y: 2019-03-05
Th·ªùi gian: 8:0
Th·ªùi l∆∞·ª£ng: 120
S·ªë l∆∞·ª£ng ng∆∞·ªùi tham gia: 6",2019-03-04 14:50:06.711669
ƒë·∫∑t ph√≤ng,üìÖ  Cu·ªôc h·ªçp v√†o ng√†y n√†o ·∫°?,2019-03-04 14:51:41.292373
ng√†y mai,‚è≤Ô∏è Cu·ªôc h·ªçp b·∫Øt ƒë·∫ßu l√∫c m·∫•y gi·ªù ·∫° ?,2019-03-04 14:51:49.141971
l√∫c 8 gi·ªù,Th·ªùi l∆∞·ª£ng c·ªßa cu·ªôc h·ªçp l√† bao l√¢u ·∫°?,2019-03-04 14:51:59.094202
kho·∫£ng 2 ti·∫øng,B·∫°n ƒë·∫∑t ph√≤ng cho bao nhi√™u ng∆∞·ªùi ·∫°?,2019-03-04 14:52:07.276733
6 ng∆∞·ªùi ƒëi,"C·∫£m ∆°n b·∫°n ƒë√£ cung c·∫•p th√¥ng tin, b·∫°n x√°c nh·∫≠n c√°c th√¥ng tin ƒë√£ cung c·∫•p gi√∫p t√¥i nh√©:
Ng√†y: 2019-03-05
Th·ªùi gian: 8:0
Th·ªùi l∆∞·ª£ng: 120
S·ªë l∆∞·ª£ng ng∆∞·ªùi tham gia: 6",2019-03-04 14:52:16.414201
ƒë·∫∑t ph√≤ng,üìÖ  V√†o ng√†y n√†o th·∫ø ·∫°?,2019-03-04 14:54:16.462258
ng√†y mai,‚è≤Ô∏è Cu·ªôc h·ªçp b·∫Øt ƒë·∫ßu l√∫c m·∫•y gi·ªù ·∫° ?,2019-03-04 14:54:24.508772
l√∫c 8 gi·ªù,Th·ªùi l∆∞·ª£ng c·ªßa cu·ªôc h·ªçp l√† bao l√¢u ·∫°?,2019-03-04 14:54:35.043020
kho·∫£ng 2 ti·∫øng,B·∫°n ƒë·∫∑t ph√≤ng cho bao nhi√™u ng∆∞·ªùi ·∫°?,2019-03-04 14:54:51.276107
cho 10 ng∆∞·ªùi,"C·∫£m ∆°n b·∫°n ƒë√£ cung c·∫•p th√¥ng tin, b·∫°n x√°c nh·∫≠n c√°c th√¥ng tin ƒë√£ cung c·∫•p gi√∫p t√¥i nh√©:
Ng√†y: 2019-03-05
Th·ªùi gian: 8:0
Th·ªùi l∆∞·ª£ng: 120
S·ªë l∆∞·ª£ng ng∆∞·ªùi tham gia: 10",2019-03-04 14:55:02.949147
ƒë·∫∑t ph√≤ng,üìÖ  V√†o ng√†y n√†o th·∫ø ·∫°?,2019-03-04 14:57:17.215466
ng√†y mai,‚è≤Ô∏è Cu·ªôc h·ªçp b·∫Øt ƒë·∫ßu l√∫c m·∫•y gi·ªù ·∫° ?,2019-03-04 14:57:23.185263
l√∫c 8 gi·ªù,Th·ªùi l∆∞·ª£ng c·ªßa cu·ªôc h·ªçp l√† bao l√¢u ·∫°?,2019-03-04 14:57:32.642503
kho·∫£ng 2 ti·∫øng,Bao nhi√™u ng∆∞·ªùi s·∫Ω tham gia cu·ªôc h·ªçp ·∫°?,2019-03-04 14:57:45.809197
10 ng∆∞·ªùi,"C·∫£m ∆°n b·∫°n ƒë√£ cung c·∫•p th√¥ng tin, b·∫°n x√°c nh·∫≠n c√°c th√¥ng tin ƒë√£ cung c·∫•p gi√∫p t√¥i nh√©:
Ng√†y: 2019-03-05
Th·ªùi gian: 8:0
Th·ªùi l∆∞·ª£ng: 120
S·ªë l∆∞·ª£ng ng∆∞·ªùi tham gia: 10",2019-03-04 14:57:53.225821
ƒë·∫∑t ph√≤ng,üìÖ  Cu·ªôc h·ªçp v√†o ng√†y n√†o ·∫°?,2019-03-04 14:59:23.628019
ng√†y mai,‚è≤Ô∏è Cu·ªôc h·ªçp b·∫Øt ƒë·∫ßu l√∫c m·∫•y gi·ªù ·∫° ?,2019-03-04 14:59:31.305307
l√∫c 8 gi·ªù,Th·ªùi l∆∞·ª£ng c·ªßa cu·ªôc h·ªçp l√† bao l√¢u ·∫°?,2019-03-04 14:59:38.015766
ƒë·∫∑t ph√≤ng,"üìÖ  D·∫°, v√†o ng√†y n√†o th·∫ø ·∫°?",2019-03-04 15:00:11.532740
ng√†y mai,‚è≤Ô∏è Cu·ªôc h·ªçp b·∫Øt ƒë·∫ßu l√∫c m·∫•y gi·ªù ·∫° ?,2019-03-04 15:00:17.760959
l√∫c 8 gi·ªù,Th·ªùi l∆∞·ª£ng c·ªßa cu·ªôc h·ªçp l√† bao l√¢u ·∫°?,2019-03-04 15:00:28.103555
kho·∫£ng 2 ti·∫øng,Bao nhi√™u ng∆∞·ªùi s·∫Ω tham gia cu·ªôc h·ªçp ·∫°?,2019-03-04 15:00:35.375213
10 ng∆∞·ªùi,"C·∫£m ∆°n b·∫°n ƒë√£ cung c·∫•p th√¥ng tin, b·∫°n x√°c nh·∫≠n c√°c th√¥ng tin ƒë√£ cung c·∫•p gi√∫p t√¥i nh√©:
Ng√†y: 2019-03-05
Th·ªùi gian: 8:0
Th·ªùi l∆∞·ª£ng: 120
S·ªë l∆∞·ª£ng ng∆∞·ªùi tham gia: 10",2019-03-04 15:00:45.375913
ƒë·∫∑t ph√≤ng,üìÖ  V√†o ng√†y n√†o th·∫ø ·∫°?,2019-03-04 15:05:20.808343
"ng√†y mai l√∫c 9 gi·ªù, kho·∫£ng 2 ti·∫øng cho 10 ng∆∞·ªùi nh√©","C·∫£m ∆°n b·∫°n ƒë√£ cung c·∫•p th√¥ng tin, b·∫°n x√°c nh·∫≠n c√°c th√¥ng tin ƒë√£ cung c·∫•p gi√∫p t√¥i nh√©:
Ng√†y: 2019-03-05
Th·ªùi gian: 9:0
Th·ªùi l∆∞·ª£ng: 120
S·ªë l∆∞·ª£ng ng∆∞·ªùi tham gia: 10",2019-03-04 15:05:36.287404
ƒë·∫∑t ph√≤ng ti·∫øp,"üìÖ  D·∫°, v√†o ng√†y n√†o th·∫ø ·∫°?",2019-03-04 15:07:26.505781
ng√†y mai l√∫c 9 gi·ªù cho 2 ng∆∞·ªùi,Th·ªùi l∆∞·ª£ng c·ªßa cu·ªôc h·ªçp l√† bao l√¢u ·∫°?,2019-03-04 15:07:39.599301
kho·∫£ng 2 ti·∫øng,"C·∫£m ∆°n b·∫°n ƒë√£ cung c·∫•p th√¥ng tin, b·∫°n x√°c nh·∫≠n c√°c th√¥ng tin ƒë√£ cung c·∫•p gi√∫p t√¥i nh√©:
Ng√†y: 2019-03-05
Th·ªùi gian: 9:0
Th·ªùi l∆∞·ª£ng: 120
S·ªë l∆∞·ª£ng ng∆∞·ªùi tham gia: 2",2019-03-04 15:07:49.463361
eyJ0eXAiOiJKV1QiLCJhbGciOiJIUzI1NiJ9.eyJ1c2VyX2lkIjoxLCJ1c2VybmFtZSI6Imh1bmciLCJleHAiOjE1NTE2ODgwNjksImVtYWlsIjoiaHVuZ0BnbWFpbC5jb20ifQ.F-K4nltgw0b-WE4LeDjrZvsvaCVV9iWAGvXlaGtjbbw,"Xin l·ªói, t√¥i kh√¥ng ch·∫Øc m√¨nh hi·ªÉu ƒë√∫ng √Ω b·∫°nü§î √ù b·∫°n l√†...",2019-03-04 15:22:57.509464
eyJ0eXAiOiJKV1QiLCJhbGciOiJIUzI1NiJ9.eyJ1c2VyX2lkIjoxLCJ1c2VybmFtZSI6Imh1bmciLCJleHAiOjE1NTE2ODgwNjksImVtYWlsIjoiaHVuZ0BnbWFpbC5jb20ifQ.F-K4nltgw0b-WE4LeDjrZvsvaCVV9iWAGvXlaGtjbbw,"T√¥i xin l·ªói, t√¥i kh√¥ng th·ªÉ gi√∫p b·∫°n ƒë∆∞·ª£c :( Vui l√≤ng cho t√¥i bi·∫øt n·∫øu b·∫°n c√≥ b·∫•t k·ª≥ ƒë·ªÅ xu·∫•t n√†o v·ªÅ c√°ch t√¥i c√≥ th·ªÉ c·∫£i thi·ªán ·∫°.",2019-03-04 15:23:24.630949
eyJ0eXAiOiJKV1QiLCJhbGciOiJIUzI1NiJ9.eyJ1c2VyX2lkIjoxLCJ1c2VybmFtZSI6Imh1bmciLCJleHAiOjE1NTE2ODgwNjksImVtYWlsIjoiaHVuZ0BnbWFpbC5jb20ifQ.F-K4nltgw0b-WE4LeDjrZvsvaCVV9iWAGvXlaGtjbbw,C·∫£m ∆°n v·ªÅ ph·∫£n h·ªìi c·ªßa b·∫°n! Ch√∫ng t√¥i s·∫Ω ghi nh·∫≠n ph·∫£n h·ªìi v√† tr·∫£ l·ªùi b·∫°n s·ªõm nh·∫•t ·∫°!,2019-03-04 15:23:42.330953
eyJ0eXAiOiJKV1QiLCJhbGciOiJIUzI1NiJ9.eyJ1c2VyX2lkIjoxLCJ1c2VybmFtZSI6Imh1bmciLCJleHAiOjE1NTE2ODgwNjksImVtYWlsIjoiaHVuZ0BnbWFpbC5jb20ifQ.F-K4nltgw0b-WE4LeDjrZvsvaCVV9iWAGvXlaGtjbbw,"Xin l·ªói, t√¥i kh√¥ng ch·∫Øc m√¨nh hi·ªÉu ƒë√∫ng √Ω b·∫°nü§î √ù b·∫°n l√†...",2019-03-04 15:24:36.660528
eyJ0eXAiOiJKV1QiLCJhbGciOiJIUzI1NiJ9.eyJ1c2VyX2lkIjoxLCJ1c2VybmFtZSI6Imh1bmciLCJleHAiOjE1NTE2ODgwNjksImVtYWlsIjoiaHVuZ0BnbWFpbC5jb20ifQ.F-K4nltgw0b-WE4LeDjrZvsvaCVV9iWAGvXlaGtjbbw,C·∫£m ∆°n v·ªÅ ph·∫£n h·ªìi c·ªßa b·∫°n! Ch√∫ng t√¥i s·∫Ω ghi nh·∫≠n ph·∫£n h·ªìi v√† tr·∫£ l·ªùi b·∫°n s·ªõm nh·∫•t ·∫°!,2019-03-04 15:24:46.881882
ƒë·∫∑t ph√≤ng,üìÖ  V√†o ng√†y n√†o th·∫ø ·∫°?,2019-03-04 15:44:26.110123
ng√†y mai,‚è≤Ô∏è Cu·ªôc h·ªçp b·∫Øt ƒë·∫ßu l√∫c m·∫•y gi·ªù ·∫° ?,2019-03-04 15:44:32.562280
l√∫c 8 gi·ªù,Th·ªùi l∆∞·ª£ng c·ªßa cu·ªôc h·ªçp l√† bao l√¢u ·∫°?,2019-03-04 15:44:42.268505
kho·∫£ng 2 ti·∫øng,Bao nhi√™u ng∆∞·ªùi s·∫Ω tham gia cu·ªôc h·ªçp ·∫°?,2019-03-04 15:44:49.658135
10 ng∆∞·ªùi,"C·∫£m ∆°n b·∫°n ƒë√£ cung c·∫•p th√¥ng tin, b·∫°n x√°c nh·∫≠n c√°c th√¥ng tin ƒë√£ cung c·∫•p gi√∫p t√¥i nh√©:
Ng√†y: 2019-03-05
Th·ªùi gian: 8:0
Th·ªùi l∆∞·ª£ng: 120
S·ªë l∆∞·ª£ng ng∆∞·ªùi tham gia: 10",2019-03-04 15:44:57.161630
ƒë·∫∑t ph√≤ng,üìÖ  V√†o ng√†y n√†o th·∫ø ·∫°?,2019-03-04 15:48:24.347714
ng√†y mai,‚è≤Ô∏è Cu·ªôc h·ªçp b·∫Øt ƒë·∫ßu l√∫c m·∫•y gi·ªù ·∫° ?,2019-03-04 15:48:30.123064
l√∫c 8 gi·ªù,Th·ªùi l∆∞·ª£ng c·ªßa cu·ªôc h·ªçp l√† bao l√¢u ·∫°?,2019-03-04 15:48:38.860243
kho·∫£ng 2 ti·∫øng,B·∫°n ƒë·∫∑t ph√≤ng cho bao nhi√™u ng∆∞·ªùi ·∫°?,2019-03-04 15:48:47.479279
cho 6 ng∆∞·ªùi,"C·∫£m ∆°n b·∫°n ƒë√£ cung c·∫•p th√¥ng tin, b·∫°n x√°c nh·∫≠n c√°c th√¥ng tin ƒë√£ cung c·∫•p gi√∫p t√¥i nh√©:
Ng√†y: 2019-03-05
Th·ªùi gian: 8:0
Th·ªùi l∆∞·ª£ng: 120
S·ªë l∆∞·ª£ng ng∆∞·ªùi tham gia: 6",2019-03-04 15:48:59.237233
xin ch√†o,Xin ch√†ooo üëã,2019-03-04 15:53:01.864867
kh·ªèe ch·ª©,D·∫° v√¢ng em kh·ªèe l·∫Øm ·∫° ^^,2019-03-04 15:53:08.464735
ƒë·∫∑t cho anh c√°i ph√≤ng,üìÖ  V√†o ng√†y n√†o th·∫ø ·∫°?,2019-03-04 15:53:15.265022
ng√†y mai l√∫c 9 gi·ªù nh√©,Th·ªùi l∆∞·ª£ng c·ªßa cu·ªôc h·ªçp l√† bao l√¢u ·∫°?,2019-03-04 15:53:25.171954
kho·∫£ng 2 ti·∫øng ,Bao nhi√™u ng∆∞·ªùi s·∫Ω tham gia cu·ªôc h·ªçp ·∫°?,2019-03-04 15:53:31.412415
10 ng∆∞·ªùi,"C·∫£m ∆°n b·∫°n ƒë√£ cung c·∫•p th√¥ng tin, b·∫°n x√°c nh·∫≠n c√°c th√¥ng tin ƒë√£ cung c·∫•p gi√∫p t√¥i nh√©:
Ng√†y: 2019-03-05
Th·ªùi gian: 9:0
Th·ªùi l∆∞·ª£ng: 120
S·ªë l∆∞·ª£ng ng∆∞·ªùi tham gia: 10",2019-03-04 15:53:37.814363
ch√†o ch√∫,Xin ch√†ooo üëã,2019-03-04 15:55:15.040641
ƒë·∫∑t l·∫°i cho anh ƒëi,üìÖ  V√†o ng√†y n√†o th·∫ø ·∫°?,2019-03-04 15:55:19.606752
ng√†y mai l√∫c 9 gi·ªù cho 10 ng∆∞·ªùi,Th·ªùi l∆∞·ª£ng c·ªßa cu·ªôc h·ªçp l√† bao l√¢u ·∫°?,2019-03-04 15:55:29.783669
2 ti·∫øng ,"C·∫£m ∆°n b·∫°n ƒë√£ cung c·∫•p th√¥ng tin, b·∫°n x√°c nh·∫≠n c√°c th√¥ng tin ƒë√£ cung c·∫•p gi√∫p t√¥i nh√©:
Ng√†y: 2019-03-05
Th·ªùi gian: 9:0
Th·ªùi l∆∞·ª£ng: 120
S·ªë l∆∞·ª£ng ng∆∞·ªùi tham gia: 10",2019-03-04 15:55:34.707868
l·∫°i ƒë·∫∑t ti·∫øp,D·∫°!!!,2019-03-04 15:56:26.870873
ƒë·∫∑t ph√≤ng ƒëi ch√∫,üìÖ  V√†o ng√†y n√†o th·∫ø ·∫°?,2019-03-04 15:56:35.420241
ng√†y mai l√∫c 9 gi·ªù cho 10 ng∆∞·ªùi ,Th·ªùi l∆∞·ª£ng c·ªßa cu·ªôc h·ªçp l√† bao l√¢u ·∫°?,2019-03-04 15:56:56.283681
kho·∫£ng 1 ti·∫øng th√¥i,"C·∫£m ∆°n b·∫°n ƒë√£ cung c·∫•p th√¥ng tin, b·∫°n x√°c nh·∫≠n c√°c th√¥ng tin ƒë√£ cung c·∫•p gi√∫p t√¥i nh√©:
Ng√†y: 2019-03-05
Th·ªùi gian: 9:0
Th·ªùi l∆∞·ª£ng: 60
S·ªë l∆∞·ª£ng ng∆∞·ªùi tham gia: 10",2019-03-04 15:57:04.925133
h·ªßy gi√∫p anh c√°i ph√≤ng,"ƒê·ªÉ thu·∫≠n ti·ªán cho qu√° tr√¨nh t√¨m ki·∫øm, h√£y cho t√¥i bi·∫øt th√™m v·ªÅ ng√†y b·∫°n th·ª±c ƒë·∫∑t ph√≤ng ƒë√≥ ho·∫∑c ng√†y s·∫Ω di·ªÖn ra cu·ªôc h·ªçp.",2019-03-04 15:57:48.989584
xin ch√†o,H√£y cho t√¥i bi·∫øt th√™m v·ªÅ ng√†y b·∫°n th·ª±c ƒë·∫∑t ph√≤ng ƒë√≥ ho·∫∑c ng√†y s·∫Ω di·ªÖn ra cu·ªôc h·ªçp.,2019-03-04 15:59:54.514826
ng√†y h√¥m qua,"Hmmmm, t√¥i kh√¥ng ch·∫Øc m√¨nh hi·ªÉu √Ω b·∫°n....",2019-03-04 16:00:06.985942
h·ªßy gi√∫p anh c√°i ph√≤ng ƒë·∫•y,H√£y cho t√¥i bi·∫øt th√™m v·ªÅ ng√†y b·∫°n th·ª±c ƒë·∫∑t ph√≤ng ƒë√≥ ho·∫∑c ng√†y s·∫Ω di·ªÖn ra cu·ªôc h·ªçp.,2019-03-04 16:00:21.793334
ng√†y h√¥m qua,"ƒê·ªÉ h·ªßy ph√≤ng, h√£y cho t√¥i bi·∫øt m√£ ƒë·∫∑t ph√≤ng b·∫°n mu·ªën h·ªßy.",2019-03-04 16:00:27.965384
xin ch√†o,Hello üëã,2019-03-04 16:05:53.943404
ch√†o,Xin ch√†ooo üëã,2019-03-04 16:05:56.290824
ch√†o,B·∫°n mu·ªën t√¥i gi√∫p g√¨ n·ªØa kh√¥ng ·∫° ?,2019-03-04 16:05:57.584894
ch√†o,B·∫°n mu·ªën t√¥i gi√∫p g√¨ n·ªØa kh√¥ng ·∫° ?,2019-03-04 16:06:00.256772
ch√†o,B·∫°n mu·ªën t√¥i gi√∫p g√¨ n·ªØa kh√¥ng ·∫° ?,2019-03-04 16:06:02.607108
ƒë·∫∑t ph√≤ng,"üìÖ  D·∫°, v√†o ng√†y n√†o th·∫ø ·∫°?",2019-03-04 16:06:05.702830
ng√†y mai l√∫c 9 gi·ªù cho 10 ng∆∞·ªùi nh√©,Th·ªùi l∆∞·ª£ng c·ªßa cu·ªôc h·ªçp l√† bao l√¢u ·∫°?,2019-03-04 16:06:17.478744
1 ti·∫øng,"C·∫£m ∆°n b·∫°n ƒë√£ cung c·∫•p th√¥ng tin, b·∫°n x√°c nh·∫≠n c√°c th√¥ng tin ƒë√£ cung c·∫•p gi√∫p t√¥i nh√©:
Ng√†y: 2019-03-05
Th·ªùi gian: 9:0
Th·ªùi l∆∞·ª£ng: 60
S·ªë l∆∞·ª£ng ng∆∞·ªùi tham gia: 10",2019-03-04 16:06:21.805874
oke,D·∫°!!!,2019-03-04 16:07:17.295355
h·ªßy ph√≤ng gi√∫p anh,"ƒê·ªÉ thu·∫≠n ti·ªán cho qu√° tr√¨nh t√¨m ki·∫øm, h√£y cho t√¥i bi·∫øt th√™m v·ªÅ ng√†y b·∫°n th·ª±c ƒë·∫∑t ph√≤ng ƒë√≥ ho·∫∑c ng√†y s·∫Ω di·ªÖn ra cu·ªôc h·ªçp.",2019-03-04 16:07:26.831026
√°ƒë√°,"Xin l·ªói, t√¥i kh√¥ng ch·∫Øc m√¨nh hi·ªÉu ƒë√∫ng √Ω b·∫°nü§î √ù b·∫°n l√†...",2019-03-04 16:08:03.044350
√°d,"T√¥i xin l·ªói, t√¥i kh√¥ng th·ªÉ gi√∫p b·∫°n ƒë∆∞·ª£c :( Vui l√≤ng cho t√¥i bi·∫øt n·∫øu b·∫°n c√≥ b·∫•t k·ª≥ ƒë·ªÅ xu·∫•t n√†o v·ªÅ c√°ch t√¥i c√≥ th·ªÉ c·∫£i thi·ªán ·∫°.",2019-03-04 16:08:03.648203
√°d√°d,C·∫£m ∆°n v·ªÅ ph·∫£n h·ªìi c·ªßa b·∫°n! Ch√∫ng t√¥i s·∫Ω ghi nh·∫≠n ph·∫£n h·ªìi v√† tr·∫£ l·ªùi b·∫°n s·ªõm nh·∫•t ·∫°!,2019-03-04 16:08:04.196061
√™,"Xin l·ªói, t√¥i kh√¥ng ch·∫Øc m√¨nh hi·ªÉu ƒë√∫ng √Ω b·∫°nü§î √ù b·∫°n l√†...",2019-03-04 16:08:08.979728
t√¨m ph√≤ng ƒë√£ ƒëjƒÉt,"Qu√° tr√¨nh ƒë·∫∑t ph√≤ng ch∆∞a k·∫øt th√∫c, b·∫°n c√≥ mu·ªën ti·∫øp t·ª•c kh√¥ng ·∫°?",2019-03-04 16:08:22.614940
d·ª´ng ,"T√¥i xin l·ªói, t√¥i kh√¥ng th·ªÉ gi√∫p b·∫°n :(",2019-03-04 16:08:31.951148
t√¨m ph√≤ng ƒë√£ ƒëjƒÉt,"Qu√° tr√¨nh ƒë·∫∑t ph√≤ng ch∆∞a k·∫øt th√∫c, b·∫°n c√≥ mu·ªën ti·∫øp t·ª•c kh√¥ng ·∫°?",2019-03-04 16:08:41.048923
kh√¥ng,"T√¥i xin l·ªói, t√¥i kh√¥ng th·ªÉ gi√∫p b·∫°n :(",2019-03-04 16:08:47.395977
ƒë·∫∑t ph√≤ng ,üìÖ  Cu·ªôc h·ªçp v√†o ng√†y n√†o ·∫°?,2019-03-04 16:09:08.855831
ƒë·∫∑t pizzs,"T√¥i kh√¥ng hi·ªÉu ƒë∆∞·ª£c 'ƒë·∫∑t pizzs', h√£y n√≥i r√µ h∆°n cho t√¥i :(",2019-03-04 16:09:32.451941
ƒë·∫∑t pizza,"T√¥i kh√¥ng hi·ªÉu ƒë∆∞·ª£c 'ƒë·∫∑t pizza', h√£y n√≥i r√µ h∆°n cho t√¥i :(",2019-03-04 16:09:39.567643
aksjdsad,"Xin l·ªói, t√¥i kh√¥ng ch·∫Øc m√¨nh hi·ªÉu ƒë√∫ng √Ω b·∫°nü§î √ù b·∫°n l√†...",2019-03-04 16:09:48.575581
dkalsdkalsdkalsd,Xin l·ªói üôá‚Äç‚ôÇ T√¥i kh√¥ng hi·ªÉu √Ω b·∫°n?,2019-03-04 16:09:56.050182
ƒë·∫∑t ph√≤ng,"üìÖ  D·∫°, v√†o ng√†y n√†o th·∫ø ·∫°?",2019-03-04 16:26:22.979813
ng√†y mai,‚è≤Ô∏è Cu·ªôc h·ªçp b·∫Øt ƒë·∫ßu l√∫c m·∫•y gi·ªù ·∫° ?,2019-03-04 16:26:40.222989
l√∫c 8 gi·ªù,Th·ªùi l∆∞·ª£ng c·ªßa cu·ªôc h·ªçp l√† bao l√¢u ·∫°?,2019-03-04 16:26:48.444642
kho·∫£ng 2 ti·∫øng,Bao nhi√™u ng∆∞·ªùi s·∫Ω tham gia cu·ªôc h·ªçp ·∫°?,2019-03-04 16:27:05.780707
7 ng∆∞·ªùi,"C·∫£m ∆°n b·∫°n ƒë√£ cung c·∫•p th√¥ng tin, b·∫°n x√°c nh·∫≠n c√°c th√¥ng tin ƒë√£ cung c·∫•p gi√∫p t√¥i nh√©:
Ng√†y: 2019-03-05
Th·ªùi gian: 8:0
Th·ªùi l∆∞·ª£ng: 120
S·ªë l∆∞·ª£ng ng∆∞·ªùi tham gia: 7",2019-03-04 16:27:18.457907
ƒë√∫ng,D·∫°!!!,2019-03-04 16:34:48.423455
ƒë·∫∑t ph√≤ng,üìÖ  V√†o ng√†y n√†o th·∫ø ·∫°?,2019-03-04 16:34:55.039759
ng√†y mai,‚è≤Ô∏è Cu·ªôc h·ªçp b·∫Øt ƒë·∫ßu l√∫c m·∫•y gi·ªù ·∫° ?,2019-03-04 16:35:01.927235
l√∫c 8 gi·ªù,Th·ªùi l∆∞·ª£ng c·ªßa cu·ªôc h·ªçp l√† bao l√¢u ·∫°?,2019-03-04 16:35:09.543632
kho·∫£ng 2 ti·∫øng,Bao nhi√™u ng∆∞·ªùi s·∫Ω tham gia cu·ªôc h·ªçp ·∫°?,2019-03-04 16:35:16.421228
6 ng∆∞·ªùi,"C·∫£m ∆°n b·∫°n ƒë√£ cung c·∫•p th√¥ng tin, b·∫°n x√°c nh·∫≠n c√°c th√¥ng tin ƒë√£ cung c·∫•p gi√∫p t√¥i nh√©:
Ng√†y: 2019-03-05
Th·ªùi gian: 8:0
Th·ªùi l∆∞·ª£ng: 120
S·ªë l∆∞·ª£ng ng∆∞·ªùi tham gia: 6",2019-03-04 16:35:24.657028
/restart,Kh·ªüi ƒë·ªông l·∫°i Bot th√†nh c√¥ng ^^,2019-03-04 16:36:35.024773
/restart,Kh·ªüi ƒë·ªông l·∫°i Bot th√†nh c√¥ng ^^,2019-03-04 16:37:11.996715
/restart,Kh·ªüi ƒë·ªông l·∫°i Bot th√†nh c√¥ng ^^,2019-03-04 16:38:38.001836
ƒë·∫∑t ph√≤ng ng√†y mai l√∫c 9 gi·ªù cho 10 ng∆∞·ªùi,Th·ªùi l∆∞·ª£ng c·ªßa cu·ªôc h·ªçp l√† bao l√¢u ·∫°?,2019-03-04 16:39:19.420342
kho·∫£ng 2 ti·∫øng,"C·∫£m ∆°n b·∫°n ƒë√£ cung c·∫•p th√¥ng tin, b·∫°n x√°c nh·∫≠n c√°c th√¥ng tin ƒë√£ cung c·∫•p gi√∫p t√¥i nh√©:
Ng√†y: 2019-03-05
Th·ªùi gian: 9:0
Th·ªùi l∆∞·ª£ng: 120
S·ªë l∆∞·ª£ng ng∆∞·ªùi tham gia: 10",2019-03-04 16:39:25.860650
h·ªßy ph√≤ng ƒë√£ ƒë·∫∑t,You are welcome üôÜ‚Äç‚ôÇÔ∏è,2019-03-04 16:42:02.082804
t√¨m gi√∫p anh ph√≤ng ƒë√£ ƒë·∫∑t,"ƒê·ªÉ thu·∫≠n ti·ªán cho qu√° tr√¨nh t√¨m ki·∫øm, h√£y cho t√¥i bi·∫øt th√™m v·ªÅ ng√†y b·∫°n th·ª±c ƒë·∫∑t ph√≤ng ƒë√≥ ho·∫∑c ng√†y s·∫Ω di·ªÖn ra cu·ªôc h·ªçp.",2019-03-04 16:42:12.924317
T√¨m gi√∫p anh ƒë√£ ƒë·∫∑t ng√†y mai,"Xin l·ªói, t√¥i kh√¥ng ch·∫Øc m√¨nh hi·ªÉu ƒë√∫ng √Ω b·∫°nü§î √ù b·∫°n l√†...",2019-03-04 16:43:25.327689
/find_booked_room,"ƒê·ªÉ thu·∫≠n ti·ªán cho qu√° tr√¨nh t√¨m ki·∫øm, h√£y cho t√¥i bi·∫øt th√™m v·ªÅ ng√†y b·∫°n th·ª±c ƒë·∫∑t ph√≤ng ƒë√≥ ho·∫∑c ng√†y s·∫Ω di·ªÖn ra cu·ªôc h·ªçp.",2019-03-04 16:43:36.737724
/restart,Kh·ªüi ƒë·ªông l·∫°i Bot th√†nh c√¥ng ^^,2019-03-04 16:46:00.391135
ƒê·∫∑t ph√≤ng ng√†y mai l√∫c 9 gi·ªù nh√©,Th·ªùi l∆∞·ª£ng c·ªßa cu·ªôc h·ªçp l√† bao l√¢u ·∫°?,2019-03-04 16:46:19.360087
kho·∫£ng 2 ti·∫øng cho 10 ng∆∞·ªùi,"C·∫£m ∆°n b·∫°n ƒë√£ cung c·∫•p th√¥ng tin, b·∫°n x√°c nh·∫≠n c√°c th√¥ng tin ƒë√£ cung c·∫•p gi√∫p t√¥i nh√©:
Ng√†y: 2019-03-05
Th·ªùi gian: 9:0
Th·ªùi l∆∞·ª£ng: 120
S·ªë l∆∞·ª£ng ng∆∞·ªùi tham gia: 10",2019-03-04 16:46:29.700630
/restart,Kh·ªüi ƒë·ªông l·∫°i Bot th√†nh c√¥ng ^^,2019-03-04 16:59:43.631617
ƒë·∫∑t ph√≤ng ng√†y mai l√∫c 8 gi·ªù kho·∫£ng 2 ti·∫øng cho 6 ng∆∞·ªùi,"C·∫£m ∆°n b·∫°n ƒë√£ cung c·∫•p th√¥ng tin, b·∫°n x√°c nh·∫≠n c√°c th√¥ng tin ƒë√£ cung c·∫•p gi√∫p t√¥i nh√©:
Ng√†y: 2019-03-05
Th·ªùi gian: 8:0
Th·ªùi l∆∞·ª£ng: 120
S·ªë l∆∞·ª£ng ng∆∞·ªùi tham gia: 6",2019-03-04 17:00:10.245944
h·ªßy ph√≤ng ƒë√£ ƒë·∫∑t,D·∫°. Kh√¥ng c√≥ chi ·∫° üôÜ‚Äç‚ôÇÔ∏è,2019-03-04 17:00:38.010772
t√¨m ph√≤ng ƒë√£ ƒë·∫∑t,"ƒê·ªÉ thu·∫≠n ti·ªán cho qu√° tr√¨nh t√¨m ki·∫øm, h√£y cho t√¥i bi·∫øt th√™m v·ªÅ ng√†y b·∫°n th·ª±c ƒë·∫∑t ph√≤ng ƒë√≥ ho·∫∑c ng√†y s·∫Ω di·ªÖn ra cu·ªôc h·ªçp.",2019-03-04 17:00:49.080136
xin ch√†o,"Xin ch√†o üëã.
T√¥i c√≥ g√¨ gi√∫p g√¨ cho b·∫°n ü§î?",2019-03-04 17:01:13.592938
/restart,Kh·ªüi ƒë·ªông l·∫°i Bot th√†nh c√¥ng ^^,2019-03-04 17:01:44.641341
/restart,Kh·ªüi ƒë·ªông l·∫°i Bot th√†nh c√¥ng ^^,2019-03-04 17:02:49.977447
ƒë·∫∑t ph√≤ng,üìÖ  Cu·ªôc h·ªçp v√†o ng√†y n√†o ·∫°?,2019-03-04 17:02:53.420787
t√¨m ph√≤ng ƒë√£ ƒë·∫∑t ,"ƒê·ªÉ thu·∫≠n ti·ªán cho qu√° tr√¨nh t√¨m ki·∫øm, h√£y cho t√¥i bi·∫øt th√™m v·ªÅ ng√†y b·∫°n th·ª±c ƒë·∫∑t ph√≤ng ƒë√≥ ho·∫∑c ng√†y s·∫Ω di·ªÖn ra cu·ªôc h·ªçp.",2019-03-04 17:03:07.581544
ng√†y mai,‚è≤Ô∏è Cu·ªôc h·ªçp b·∫Øt ƒë·∫ßu l√∫c m·∫•y gi·ªù ·∫° ?,2019-03-04 17:03:21.129632
/restart,Kh·ªüi ƒë·ªông l·∫°i Bot th√†nh c√¥ng ^^,2019-03-04 17:03:35.155660
t√¨m ph√≤ng ƒë√£ ƒë·∫∑t,"ƒê·ªÉ thu·∫≠n ti·ªán cho qu√° tr√¨nh t√¨m ki·∫øm, h√£y cho t√¥i bi·∫øt th√™m v·ªÅ ng√†y b·∫°n th·ª±c ƒë·∫∑t ph√≤ng ƒë√≥ ho·∫∑c ng√†y s·∫Ω di·ªÖn ra cu·ªôc h·ªçp.",2019-03-04 17:03:40.857024
/restart,Kh·ªüi ƒë·ªông l·∫°i Bot th√†nh c√¥ng ^^,2019-03-04 17:10:24.110538
ƒë·∫∑t ph√≤ng ng√†y mai l√∫c 9 gi·ªù cho 10 ng∆∞·ªùi kho·∫£ng 2 ti·∫øng,"C·∫£m ∆°n b·∫°n ƒë√£ cung c·∫•p th√¥ng tin, b·∫°n x√°c nh·∫≠n c√°c th√¥ng tin ƒë√£ cung c·∫•p gi√∫p t√¥i nh√©:
Ng√†y: 2019-03-05
Th·ªùi gian: 9:0
Th·ªùi l∆∞·ª£ng: 120
S·ªë l∆∞·ª£ng ng∆∞·ªùi tham gia: 10",2019-03-04 17:10:41.830389
/restart,Kh·ªüi ƒë·ªông l·∫°i Bot th√†nh c√¥ng ^^,2019-03-04 17:18:50.688399
/restart,Kh·ªüi ƒë·ªông l·∫°i Bot th√†nh c√¥ng ^^,2019-03-04 17:19:35.971704
xin ch√†o,"Xin ch√†o üëã.
T√¥i c√≥ g√¨ gi√∫p g√¨ cho b·∫°n ü§î?",2019-03-04 17:19:39.226768
t√¥i mu·ªën ƒë·∫∑t ph√≤ng v√†o ng√†y mai l√∫c 9 gi·ªù,Th·ªùi l∆∞·ª£ng c·ªßa cu·ªôc h·ªçp l√† bao l√¢u ·∫°?,2019-03-04 17:19:52.991802
kho·∫£ng 2 ti·∫øng,Bao nhi√™u ng∆∞·ªùi s·∫Ω tham gia cu·ªôc h·ªçp ·∫°?,2019-03-04 17:19:58.742555
7 ng∆∞·ªùi nh√©,"C·∫£m ∆°n b·∫°n ƒë√£ cung c·∫•p th√¥ng tin, b·∫°n x√°c nh·∫≠n c√°c th√¥ng tin ƒë√£ cung c·∫•p gi√∫p t√¥i nh√©:
Ng√†y: 2019-03-05
Th·ªùi gian: 9:0
Th·ªùi l∆∞·ª£ng: 120
S·ªë l∆∞·ª£ng ng∆∞·ªùi tham gia: 7",2019-03-04 17:20:05.887149
c·∫£m ∆°n,D·∫° v√¢ng. Kh√¥ng c√≥ chi ·∫° üôÜ‚Äç‚ôÇ,2019-03-04 17:20:19.129048
/restart,Kh·ªüi ƒë·ªông l·∫°i Bot th√†nh c√¥ng ^^,2019-03-04 17:23:08.685332
t√¥i mu·ªën t√¨m ph√≤ng ƒë√£ ƒë·∫∑t,"ƒê·ªÉ thu·∫≠n ti·ªán cho qu√° tr√¨nh t√¨m ki·∫øm, h√£y cho t√¥i bi·∫øt th√™m v·ªÅ ng√†y b·∫°n th·ª±c ƒë·∫∑t ph√≤ng ƒë√≥ ho·∫∑c ng√†y s·∫Ω di·ªÖn ra cu·ªôc h·ªçp.",2019-03-04 17:23:19.871482
c·∫£m ∆°n,You are welcome üôÜ‚Äç‚ôÇÔ∏è,2019-03-04 17:23:37.668716
/restart,Kh·ªüi ƒë·ªông l·∫°i Bot th√†nh c√¥ng ^^,2019-03-05 18:10:22.902638
xin ch√†o,"Xin ch√†o üëã.
T√¥i c√≥ g√¨ gi√∫p g√¨ cho b·∫°n ü§î?",2019-03-05 18:10:27.638078
ƒë·∫∑t ph√≤ng ,üìÖ  V√†o ng√†y n√†o th·∫ø ·∫°?,2019-03-05 18:10:36.674076
ng√†y mai l√∫c 9 gi·ªù cho 10 ng∆∞·ªù nh√©,Th·ªùi l∆∞·ª£ng c·ªßa cu·ªôc h·ªçp l√† bao l√¢u ·∫°?,2019-03-05 18:10:47.217251
kho·∫£ng 2 ti·∫øng,"C·∫£m ∆°n b·∫°n ƒë√£ cung c·∫•p th√¥ng tin, b·∫°n x√°c nh·∫≠n c√°c th√¥ng tin ƒë√£ cung c·∫•p gi√∫p t√¥i nh√©:
Ng√†y: 2019-03-06
Th·ªùi gian: 9:0
Th·ªùi l∆∞·ª£ng: 120
S·ªë l∆∞·ª£ng ng∆∞·ªùi tham gia: 10",2019-03-05 18:10:51.907323
t√¨m ph√≤ng ƒë√£ ƒë·∫∑t,"ƒê·ªÉ thu·∫≠n ti·ªán cho qu√° tr√¨nh t√¨m ki·∫øm, h√£y cho t√¥i bi·∫øt th√™m v·ªÅ ng√†y b·∫°n th·ª±c ƒë·∫∑t ph√≤ng ƒë√≥ ho·∫∑c ng√†y s·∫Ω di·ªÖn ra cu·ªôc h·ªçp.",2019-03-05 18:11:07.160952
/restart,Kh·ªüi ƒë·ªông l·∫°i Bot th√†nh c√¥ng ^^,2019-03-05 18:13:12.404137
t√¨m ph√≤ng ƒë√£ ƒë·∫∑t,"ƒê·ªÉ thu·∫≠n ti·ªán cho qu√° tr√¨nh t√¨m ki·∫øm, h√£y cho t√¥i bi·∫øt th√™m v·ªÅ ng√†y b·∫°n th·ª±c ƒë·∫∑t ph√≤ng ƒë√≥ ho·∫∑c ng√†y s·∫Ω di·ªÖn ra cu·ªôc h·ªçp.",2019-03-05 18:13:29.188288
h·ªßy ph√≤ng m√£ 41,"ƒê·ªÉ thu·∫≠n ti·ªán cho qu√° tr√¨nh t√¨m ki·∫øm, h√£y cho t√¥i bi·∫øt th√™m v·ªÅ ng√†y b·∫°n th·ª±c ƒë·∫∑t ph√≤ng ƒë√≥ ho·∫∑c ng√†y s·∫Ω di·ªÖn ra cu·ªôc h·ªçp.",2019-03-05 18:14:01.290575
/restart,Kh·ªüi ƒë·ªông l·∫°i Bot th√†nh c√¥ng ^^,2019-03-05 18:14:53.298473
ƒë·∫∑t ph√≤ng,"üìÖ  D·∫°, v√†o ng√†y n√†o th·∫ø ·∫°?",2019-03-05 18:14:58.874338
kh·ªèe ch·ª©,D·∫° v√¢ng em kh·ªèe l·∫Øm ·∫° ^^,2019-03-05 18:15:03.285344
b·∫°n l√† bot h·∫£ ?,üìÖ  Cu·ªôc h·ªçp v√†o ng√†y n√†o ·∫°?,2019-03-05 18:15:34.844546
ƒë·∫∑t pizza,"T√¥i kh√¥ng hi·ªÉu ƒë∆∞·ª£c 'ƒë·∫∑t pizza', h√£y n√≥i r√µ h∆°n cho t√¥i :(",2019-03-05 18:17:21.569302
dkjaklsdjakdjasd,"Xin l·ªói, t√¥i kh√¥ng ch·∫Øc m√¨nh hi·ªÉu ƒë√∫ng √Ω b·∫°nü§î √ù b·∫°n l√†...",2019-03-05 18:17:32.775879
kh√¥ng mu·ªën t√¨m ph√≤ng nh∆∞ng ƒë·∫∑t ph√≤ng,"Qu√° tr√¨nh ƒë·∫∑t ph√≤ng ch∆∞a k·∫øt th√∫c, b·∫°n c√≥ mu·ªën ti·∫øp t·ª•c kh√¥ng ·∫°?",2019-03-05 18:18:01.115381
kh√¥ng ƒë·∫∑t ph√≤ng,"T√¥i kh√¥ng hi·ªÉu √Ω b·∫°n, xin h√£y gi·∫£i th√≠ch cho t√¥i ü§î?",2019-03-05 18:18:14.909323
ƒë·∫∑t ph√≤ng,"Xin ch√†o üëã.
T√¥i c√≥ g√¨ gi√∫p g√¨ cho b·∫°n ü§î?",2019-03-05 20:25:38.655385
ƒë·∫∑t ph√≤ng,Hello üëã,2019-03-05 20:25:48.033081
ƒë·∫∑t ph√≤ng,Xin ch√†ooo üëã,2019-03-05 20:25:54.452864
ƒë·∫∑t ph√≤ng,üìÖ  Cu·ªôc h·ªçp v√†o ng√†y n√†o ·∫°?,2019-03-05 20:39:57.074877
ng√†y mai,‚è≤Ô∏è Cu·ªôc h·ªçp b·∫Øt ƒë·∫ßu l√∫c m·∫•y gi·ªù ·∫° ?,2019-03-05 20:40:09.399981
l√∫c 8 gi·ªù,Th·ªùi l∆∞·ª£ng c·ªßa cu·ªôc h·ªçp l√† bao l√¢u ·∫°?,2019-03-05 20:40:16.678940
kho·∫£ng 2 ti·∫øng,Bao nhi√™u ng∆∞·ªùi s·∫Ω tham gia cu·ªôc h·ªçp ·∫°?,2019-03-05 20:40:24.220728
6 ng∆∞·ªùi,"C·∫£m ∆°n b·∫°n ƒë√£ cung c·∫•p th√¥ng tin, b·∫°n x√°c nh·∫≠n c√°c th√¥ng tin ƒë√£ cung c·∫•p gi√∫p t√¥i nh√©:
Ng√†y: 2019-03-06
Th·ªùi gian: 8:0
Th·ªùi l∆∞·ª£ng: 120
S·ªë l∆∞·ª£ng ng∆∞·ªùi tham gia: 6",2019-03-05 20:40:31.354099
ƒë·∫∑t ph√≤ng,üìÖ  Cu·ªôc h·ªçp v√†o ng√†y n√†o ·∫°?,2019-03-05 20:41:50.387161
ng√†y mai,‚è≤Ô∏è Cu·ªôc h·ªçp b·∫Øt ƒë·∫ßu l√∫c m·∫•y gi·ªù ·∫° ?,2019-03-05 20:41:57.011348
l√∫c 8 gi·ªù,Th·ªùi l∆∞·ª£ng c·ªßa cu·ªôc h·ªçp l√† bao l√¢u ·∫°?,2019-03-05 20:42:04.600167
kho·∫£ng 2 ti·∫øng cho 6 ng∆∞·ªùi,"C·∫£m ∆°n b·∫°n ƒë√£ cung c·∫•p th√¥ng tin, b·∫°n x√°c nh·∫≠n c√°c th√¥ng tin ƒë√£ cung c·∫•p gi√∫p t√¥i nh√©:
Ng√†y: 2019-03-06
Th·ªùi gian: 8:0
Th·ªùi l∆∞·ª£ng: 120
S·ªë l∆∞·ª£ng ng∆∞·ªùi tham gia: 6",2019-03-05 20:42:23.627787
ƒë·∫∑t ph√≤ng v√†o ng√†y mai l√∫c 8 gi·ªù kho·∫£ng 2 ti·∫øng cho 6 ng∆∞·ªùi,"C·∫£m ∆°n b·∫°n ƒë√£ cung c·∫•p th√¥ng tin, b·∫°n x√°c nh·∫≠n c√°c th√¥ng tin ƒë√£ cung c·∫•p gi√∫p t√¥i nh√©:
Ng√†y: 2019-03-06
Th·ªùi gian: 8:0
Th·ªùi l∆∞·ª£ng: 120
S·ªë l∆∞·ª£ng ng∆∞·ªùi tham gia: 6",2019-03-05 20:44:27.572822
ƒë·∫∑t ph√≤ng v√†o ng√†y mai l√∫c 8 gi·ªù kho·∫£ng 2 ti·∫øng cho 6 ng∆∞·ªùi,"C·∫£m ∆°n b·∫°n ƒë√£ cung c·∫•p th√¥ng tin, b·∫°n x√°c nh·∫≠n c√°c th√¥ng tin ƒë√£ cung c·∫•p gi√∫p t√¥i nh√©:
Ng√†y: 2019-03-06
Th·ªùi gian: 8:0
Th·ªùi l∆∞·ª£ng: 120
S·ªë l∆∞·ª£ng ng∆∞·ªùi tham gia: 6",2019-03-05 20:47:16.388510
ƒë·∫∑t ph√≤ng v√†o ng√†y mai l√∫c 8 gi·ªù kho·∫£ng 2 ti·∫øng cho 6 ng∆∞·ªùi,"C·∫£m ∆°n b·∫°n ƒë√£ cung c·∫•p th√¥ng tin, b·∫°n x√°c nh·∫≠n c√°c th√¥ng tin ƒë√£ cung c·∫•p gi√∫p t√¥i nh√©:
Ng√†y: 2019-03-06
Th·ªùi gian: 8:0
Th·ªùi l∆∞·ª£ng: 120
S·ªë l∆∞·ª£ng ng∆∞·ªùi tham gia: 6",2019-03-05 20:48:58.394008
ƒë·∫∑t ph√≤ng v√†o ng√†y mai l√∫c 8 gi·ªù kho·∫£ng 2 ti·∫øng cho 6 ng∆∞·ªùi,"C·∫£m ∆°n b·∫°n ƒë√£ cung c·∫•p th√¥ng tin, b·∫°n x√°c nh·∫≠n c√°c th√¥ng tin ƒë√£ cung c·∫•p gi√∫p t√¥i nh√©:
Ng√†y: 2019-03-06
Th·ªùi gian: 8:0
Th·ªùi l∆∞·ª£ng: 120
S·ªë l∆∞·ª£ng ng∆∞·ªùi tham gia: 6",2019-03-05 20:51:54.461894
ƒë·∫∑t ph√≤ng v√†o ng√†y mai l√∫c 8 gi·ªù kho·∫£ng 2 ti·∫øng cho 6 ng∆∞·ªùi,"C·∫£m ∆°n b·∫°n ƒë√£ cung c·∫•p th√¥ng tin, b·∫°n x√°c nh·∫≠n c√°c th√¥ng tin ƒë√£ cung c·∫•p gi√∫p t√¥i nh√©:
Ng√†y: 2019-03-06
Th·ªùi gian: 8:0
Th·ªùi l∆∞·ª£ng: 120
S·ªë l∆∞·ª£ng ng∆∞·ªùi tham gia: 6",2019-03-05 21:08:14.678010
ƒë·∫∑t ph√≤ng v√†o ng√†y mai l√∫c 8 gi·ªù kho·∫£ng 2 ti·∫øng cho 6 ng∆∞·ªùi,"C·∫£m ∆°n b·∫°n ƒë√£ cung c·∫•p th√¥ng tin, b·∫°n x√°c nh·∫≠n c√°c th√¥ng tin ƒë√£ cung c·∫•p gi√∫p t√¥i nh√©:
Ng√†y: 2019-03-06
Th·ªùi gian: 8:0
Th·ªùi l∆∞·ª£ng: 120
S·ªë l∆∞·ª£ng ng∆∞·ªùi tham gia: 6",2019-03-05 21:09:04.303450
ƒë·∫∑t ph√≤ng v√†o ng√†y mai l√∫c 8 gi·ªù kho·∫£ng 2 ti·∫øng cho 6 ng∆∞·ªùi,"C·∫£m ∆°n b·∫°n ƒë√£ cung c·∫•p th√¥ng tin, b·∫°n x√°c nh·∫≠n c√°c th√¥ng tin ƒë√£ cung c·∫•p gi√∫p t√¥i nh√©:
Ng√†y: 2019-03-06
Th·ªùi gian: 8:0
Th·ªùi l∆∞·ª£ng: 120
S·ªë l∆∞·ª£ng ng∆∞·ªùi tham gia: 6",2019-03-05 21:09:45.901142
ƒë·∫∑t ph√≤ng v√†o ng√†y mai l√∫c 8 gi·ªù kho·∫£ng 2 ti·∫øng cho 6 ng∆∞·ªùi,"C·∫£m ∆°n b·∫°n ƒë√£ cung c·∫•p th√¥ng tin, b·∫°n x√°c nh·∫≠n c√°c th√¥ng tin ƒë√£ cung c·∫•p gi√∫p t√¥i nh√©:
Ng√†y: 2019-03-06
Th·ªùi gian: 8:0
Th·ªùi l∆∞·ª£ng: 120
S·ªë l∆∞·ª£ng ng∆∞·ªùi tham gia: 6",2019-03-05 21:10:33.331028
ƒë·∫∑t ph√≤ng v√†o ng√†y mai l√∫c 8 gi·ªù kho·∫£ng 2 ti·∫øng cho 6 ng∆∞·ªùi,"C·∫£m ∆°n b·∫°n ƒë√£ cung c·∫•p th√¥ng tin, b·∫°n x√°c nh·∫≠n c√°c th√¥ng tin ƒë√£ cung c·∫•p gi√∫p t√¥i nh√©:
Ng√†y: 2019-03-06
Th·ªùi gian: 8:0
Th·ªùi l∆∞·ª£ng: 120
S·ªë l∆∞·ª£ng ng∆∞·ªùi tham gia: 6",2019-03-05 21:12:56.745159
ƒë·∫∑t ph√≤ng v√†o ng√†y mai l√∫c 8 gi·ªù kho·∫£ng 2 ti·∫øng cho 6 ng∆∞·ªùi,"C·∫£m ∆°n b·∫°n ƒë√£ cung c·∫•p th√¥ng tin, b·∫°n x√°c nh·∫≠n c√°c th√¥ng tin ƒë√£ cung c·∫•p gi√∫p t√¥i nh√©:
Ng√†y: 2019-03-06
Th·ªùi gian: 8:0
Th·ªùi l∆∞·ª£ng: 120
S·ªë l∆∞·ª£ng ng∆∞·ªùi tham gia: 6",2019-03-05 21:16:10.898204
ƒë·∫∑t ph√≤ng v√†o ng√†y mai l√∫c 8 gi·ªù kho·∫£ng 2 ti·∫øng cho 6 ng∆∞·ªùi,"C·∫£m ∆°n b·∫°n ƒë√£ cung c·∫•p th√¥ng tin, b·∫°n x√°c nh·∫≠n c√°c th√¥ng tin ƒë√£ cung c·∫•p gi√∫p t√¥i nh√©:
Ng√†y: 2019-03-06
Th·ªùi gian: 8:0
Th·ªùi l∆∞·ª£ng: 120
S·ªë l∆∞·ª£ng ng∆∞·ªùi tham gia: 6",2019-03-05 21:21:28.693652
ƒë·∫∑t ph√≤ng v√†o ng√†y mai l√∫c 8 gi·ªù kho·∫£ng 2 ti·∫øng cho 6 ng∆∞·ªùi,"C·∫£m ∆°n b·∫°n ƒë√£ cung c·∫•p th√¥ng tin, b·∫°n x√°c nh·∫≠n c√°c th√¥ng tin ƒë√£ cung c·∫•p gi√∫p t√¥i nh√©:
Ng√†y: 2019-03-06
Th·ªùi gian: 8:0
Th·ªùi l∆∞·ª£ng: 120
S·ªë l∆∞·ª£ng ng∆∞·ªùi tham gia: 6",2019-03-05 21:22:28.502068
ƒë·∫∑t ph√≤ng v√†o ng√†y mai l√∫c 8 gi·ªù kho·∫£ng 2 ti·∫øng cho 6 ng∆∞·ªùi,"C·∫£m ∆°n b·∫°n ƒë√£ cung c·∫•p th√¥ng tin, b·∫°n x√°c nh·∫≠n c√°c th√¥ng tin ƒë√£ cung c·∫•p gi√∫p t√¥i nh√©:
Ng√†y: 2019-03-06
Th·ªùi gian: 8:0
Th·ªùi l∆∞·ª£ng: 120
S·ªë l∆∞·ª£ng ng∆∞·ªùi tham gia: 6",2019-03-05 21:22:59.472446
ƒë·∫∑t ph√≤ng v√†o ng√†y mai l√∫c 8 gi·ªù kho·∫£ng 2 ti·∫øng cho 6 ng∆∞·ªùi,"C·∫£m ∆°n b·∫°n ƒë√£ cung c·∫•p th√¥ng tin, b·∫°n x√°c nh·∫≠n c√°c th√¥ng tin ƒë√£ cung c·∫•p gi√∫p t√¥i nh√©:
Ng√†y: 2019-03-06
Th·ªùi gian: 8:0
Th·ªùi l∆∞·ª£ng: 120
S·ªë l∆∞·ª£ng ng∆∞·ªùi tham gia: 6",2019-03-05 21:23:43.824464
ƒë·∫∑t ph√≤ng v√†o ng√†y mai l√∫c 8 gi·ªù kho·∫£ng 2 ti·∫øng cho 6 ng∆∞·ªùi,"C·∫£m ∆°n b·∫°n ƒë√£ cung c·∫•p th√¥ng tin, b·∫°n x√°c nh·∫≠n c√°c th√¥ng tin ƒë√£ cung c·∫•p gi√∫p t√¥i nh√©:
Ng√†y: 2019-03-06
Th·ªùi gian: 8:0
Th·ªùi l∆∞·ª£ng: 120
S·ªë l∆∞·ª£ng ng∆∞·ªùi tham gia: 6",2019-03-05 21:25:00.390419
ƒë·∫∑t ph√≤ng v√†o ng√†y mai l√∫c 8 gi·ªù kho·∫£ng 2 ti·∫øng cho 6 ng∆∞·ªùi,"C·∫£m ∆°n b·∫°n ƒë√£ cung c·∫•p th√¥ng tin, b·∫°n x√°c nh·∫≠n c√°c th√¥ng tin ƒë√£ cung c·∫•p gi√∫p t√¥i nh√©:
Ng√†y: 2019-03-06
Th·ªùi gian: 8:0
Th·ªùi l∆∞·ª£ng: 120
S·ªë l∆∞·ª£ng ng∆∞·ªùi tham gia: 6",2019-03-05 21:26:16.684289
ƒë·∫∑t ph√≤ng v√†o ng√†y mai l√∫c 8 gi·ªù kho·∫£ng 2 ti·∫øng cho 6 ng∆∞·ªùi,"C·∫£m ∆°n b·∫°n ƒë√£ cung c·∫•p th√¥ng tin, b·∫°n x√°c nh·∫≠n c√°c th√¥ng tin ƒë√£ cung c·∫•p gi√∫p t√¥i nh√©:
Ng√†y: 2019-03-06
Th·ªùi gian: 8:0
Th·ªùi l∆∞·ª£ng: 120
S·ªë l∆∞·ª£ng ng∆∞·ªùi tham gia: 6",2019-03-05 21:27:45.731823
B·∫°n m∆∞·ª£n gi√∫p t√¥i ph√≤ng 205B l√∫c 8 gi·ªù s√°ng nh√©,Th·ªùi l∆∞·ª£ng c·ªßa cu·ªôc h·ªçp l√† bao l√¢u ·∫°?,2019-03-06 08:53:05.277030
T·∫ßm 2 ti·∫øng nha,"Tr∆∞·ªõc khi ƒë·∫∑t ph√≤ng, b·∫°n x√°c nh·∫≠n c√°c th√¥ng tin ƒë√£ cung c·∫•p gi√∫p t√¥i nh√©:
Ng√†y: 2019-03-06
Th·ªùi gian:: 8:0
Th·ªùi l∆∞·ª£ng (ph√∫t):: 120
T√™n ph√≤ng: 205B",2019-03-06 08:53:25.788956
ƒë√∫ng,Okela!!,2019-03-06 08:53:36.853892
B·∫°n m∆∞·ª£n gi√∫p t√¥i ph√≤ng 205B l√∫c 8 gi·ªù s√°ng nh√©,üìÖ  Cu·ªôc h·ªçp v√†o ng√†y n√†o ·∫°?,2019-03-06 08:54:31.310688
B·∫°n m∆∞·ª£n gi√∫p t√¥i ph√≤ng 205B l√∫c 8 gi·ªù s√°ng nh√©,"üìÖ  D·∫°, v√†o ng√†y n√†o th·∫ø ·∫°?",2019-03-06 08:56:04.939775
ng√†y h√¥m nay,Th·ªùi l∆∞·ª£ng c·ªßa cu·ªôc h·ªçp l√† bao l√¢u ·∫°?,2019-03-06 08:57:35.213684
kho·∫£ng 2 ti·∫øng,"Tr∆∞·ªõc khi ƒë·∫∑t ph√≤ng, b·∫°n x√°c nh·∫≠n c√°c th√¥ng tin ƒë√£ cung c·∫•p gi√∫p t√¥i nh√©:
Ng√†y: 2019-03-06
Th·ªùi gian:: 8:0
Th·ªùi l∆∞·ª£ng (ph√∫t):: 120
T√™n ph√≤ng: 205B",2019-03-06 08:57:47.284433
ƒë√∫ng,Okela!!,2019-03-06 08:58:11.499281
B·∫°n m∆∞·ª£n gi√∫p t√¥i ph√≤ng 205B l√∫c 8 gi·ªù s√°ng nh√©,Th·ªùi l∆∞·ª£ng c·ªßa cu·ªôc h·ªçp l√† bao l√¢u ·∫°?,2019-03-06 09:01:59.090106
t·∫ßm 2 ti·∫øng nha,"Tr∆∞·ªõc khi ƒë·∫∑t ph√≤ng, b·∫°n x√°c nh·∫≠n c√°c th√¥ng tin ƒë√£ cung c·∫•p gi√∫p t√¥i nh√©:
Ng√†y: 2019-03-06
Th·ªùi gian:: 8:0
Th·ªùi l∆∞·ª£ng (ph√∫t):: 120
T√™n ph√≤ng: 205B",2019-03-06 09:02:13.741317
ƒë√∫ng,D·∫°!!!,2019-03-06 09:02:20.861418
B·∫°n m∆∞·ª£n gi√∫p t√¥i ph√≤ng 205B l√∫c 8 gi·ªù s√°ng nh√©,Th·ªùi l∆∞·ª£ng c·ªßa cu·ªôc h·ªçp l√† bao l√¢u ·∫°?,2019-03-06 09:09:17.398895
T·∫ßm 2 ti·∫øng nha,"Tr∆∞·ªõc khi ƒë·∫∑t ph√≤ng, b·∫°n x√°c nh·∫≠n c√°c th√¥ng tin ƒë√£ cung c·∫•p gi√∫p t√¥i nh√©:
Ng√†y: 2019-03-06
Th·ªùi gian:: 8:0
Th·ªùi l∆∞·ª£ng (ph√∫t):: 120
T√™n ph√≤ng: 205B",2019-03-06 09:09:35.046934
ƒë√∫ng,Okela!!,2019-03-06 09:09:45.743615
oke,Okela!!,2019-03-06 09:10:24.653128
S√°ng nay c√≥ ph√≤ng n√†o tr·ªëng kh√¥ng th·∫ø ?,üìÖ  Cu·ªôc h·ªçp v√†o ng√†y n√†o ·∫°?,2019-03-06 09:12:33.128301
s√°ng nay,"Xin ch√†o üëã.
T√¥i c√≥ g√¨ gi√∫p g√¨ cho b·∫°n ü§î?",2019-03-06 09:13:18.187775
ƒë·∫∑t ph√≤ng,Xin l·ªói üôá‚Äç‚ôÇ T√¥i kh√¥ng hi·ªÉu √Ω b·∫°n?,2019-03-06 09:13:27.969722
B·∫°n m∆∞·ª£n gi√∫p t√¥i ph√≤ng 205B l√∫c 8 gi·ªù s√°ng nh√©,Th·ªùi l∆∞·ª£ng c·ªßa cu·ªôc h·ªçp l√† bao l√¢u ·∫°?,2019-03-06 09:14:41.601792
kho·∫£ng 2 ti·∫øng,"Tr∆∞·ªõc khi ƒë·∫∑t ph√≤ng, b·∫°n x√°c nh·∫≠n c√°c th√¥ng tin ƒë√£ cung c·∫•p gi√∫p t√¥i nh√©:
Ng√†y: 2019-03-06
Th·ªùi gian:: 8:0
Th·ªùi l∆∞·ª£ng (ph√∫t):: 120
T√™n ph√≤ng: 205B",2019-03-06 09:14:53.010896
ƒë√∫ng,Okela!!,2019-03-06 09:15:06.161481
ƒë√∫ng,D·∫°!!!,2019-03-06 09:16:13.122970
S√°ng nay c√≥ ph√≤ng n√†o tr·ªëng kh√¥ng th·∫ø ?,Xin l·ªói üôá‚Äç‚ôÇ T√¥i kh√¥ng hi·ªÉu √Ω b·∫°n?,2019-03-06 09:16:28.387011
S√°ng nay c√≥ ph√≤ng n√†o tr·ªëng kh√¥ng th·∫ø ?,Xin l·ªói üôá‚Äç‚ôÇ T√¥i kh√¥ng hi·ªÉu √Ω b·∫°n?,2019-03-06 09:19:54.073979
B·∫°n m∆∞·ª£n gi√∫p t√¥i ph√≤ng 205B l√∫c 8 gi·ªù s√°ng nh√©,Th·ªùi l∆∞·ª£ng c·ªßa cu·ªôc h·ªçp l√† bao l√¢u ·∫°?,2019-03-06 09:23:13.887758
kho·∫£ng 2 ti·∫øng,"Tr∆∞·ªõc khi ƒë·∫∑t ph√≤ng, b·∫°n x√°c nh·∫≠n c√°c th√¥ng tin ƒë√£ cung c·∫•p gi√∫p t√¥i nh√©:
Ng√†y: 2019-03-06
Th·ªùi gian:: 8:0
Th·ªùi l∆∞·ª£ng (ph√∫t):: 120
T√™n ph√≤ng: 205B",2019-03-06 09:23:39.963704
ƒë√∫ng,D·∫°!!!,2019-03-06 09:23:49.217219
/restart,Kh·ªüi ƒë·ªông l·∫°i Bot th√†nh c√¥ng ^^,2019-03-06 09:27:19.285080
xin ch√†o,"Xin ch√†o üëã.
T√¥i c√≥ g√¨ gi√∫p g√¨ cho b·∫°n ü§î?",2019-03-06 09:27:25.640604
ƒë·∫∑t gi√∫p t√¥i ph√≤ng 205B l√∫c 10 gi·ªù,Th·ªùi l∆∞·ª£ng c·ªßa cu·ªôc h·ªçp l√† bao l√¢u ·∫°?,2019-03-06 09:27:59.682828
kho·∫£ng 1 ti·∫øng,"Tr∆∞·ªõc khi ƒë·∫∑t ph√≤ng, b·∫°n x√°c nh·∫≠n c√°c th√¥ng tin ƒë√£ cung c·∫•p gi√∫p t√¥i nh√©:
Ng√†y: 2019-03-06
Th·ªùi gian:: 10:0
Th·ªùi l∆∞·ª£ng (ph√∫t):: 60
T√™n ph√≤ng: 205B",2019-03-06 09:28:06.707214
B·∫°n m∆∞·ª£n gi√∫p t√¥i ph√≤ng 205B l√∫c 8 gi·ªù s√°ng nh√©,"üìÖ  D·∫°, v√†o ng√†y n√†o th·∫ø ·∫°?",2019-03-06 09:32:49.822958
h√¥m nay,T√¥i kh√¥ng ch·∫Øc m√¨nh hi·ªÉu ƒë√∫ng √Ω b·∫°n ü§î C√≥ ph·∫£i √Ω b·∫°n l√†...,2019-03-06 09:33:03.376388
ƒë√∫ng,Okela!!,2019-03-06 09:33:12.762078
S√°ng nay c√≥ ph√≤ng n√†o tr·ªëng kh√¥ng th·∫ø ?,Xin l·ªói üôá‚Äç‚ôÇ T√¥i kh√¥ng hi·ªÉu √Ω b·∫°n?,2019-03-06 09:33:33.504529
B·∫°n m∆∞·ª£n gi√∫p t√¥i ph√≤ng 205B l√∫c 8 gi·ªù s√°ng nh√©,Th·ªùi l∆∞·ª£ng c·ªßa cu·ªôc h·ªçp l√† bao l√¢u ·∫°?,2019-03-06 09:34:37.404108
kho·∫£ng 2 ti·∫øng,"Tr∆∞·ªõc khi ƒë·∫∑t ph√≤ng, b·∫°n x√°c nh·∫≠n c√°c th√¥ng tin ƒë√£ cung c·∫•p gi√∫p t√¥i nh√©:
Ng√†y: 2019-03-06
Th·ªùi gian:: 8:0
Th·ªùi l∆∞·ª£ng (ph√∫t):: 120
T√™n ph√≤ng: 205B",2019-03-06 09:34:52.048806
ƒë√∫ng,Okela!!,2019-03-06 09:35:00.443637
B·∫°n m∆∞·ª£n gi√∫p t√¥i ph√≤ng 205B l√∫c 8 gi·ªù s√°ng nh√©,Th·ªùi l∆∞·ª£ng c·ªßa cu·ªôc h·ªçp l√† bao l√¢u ·∫°?,2019-03-06 09:37:35.238057
kho·∫£ng 2 ti·∫øng,"Tr∆∞·ªõc khi ƒë·∫∑t ph√≤ng, b·∫°n x√°c nh·∫≠n c√°c th√¥ng tin ƒë√£ cung c·∫•p gi√∫p t√¥i nh√©:
Ng√†y: 2019-03-06
Th·ªùi gian:: 8:0
Th·ªùi l∆∞·ª£ng (ph√∫t):: 120
T√™n ph√≤ng: 205B",2019-03-06 09:37:50.774145
ƒë√∫ng,Okela!!,2019-03-06 09:37:59.543488
B·∫°n m∆∞·ª£n gi√∫p t√¥i ph√≤ng 205B l√∫c 8 gi·ªù s√°ng nh√©,"üìÖ  D·∫°, v√†o ng√†y n√†o th·∫ø ·∫°?",2019-03-06 09:39:40.060402
B·∫°n m∆∞·ª£n gi√∫p t√¥i ph√≤ng 205B l√∫c 8 gi·ªù s√°ng nh√©,üìÖ  V√†o ng√†y n√†o th·∫ø ·∫°?,2019-03-06 09:40:15.651126
h√¥m nay,T√¥i kh√¥ng ch·∫Øc m√¨nh hi·ªÉu ƒë√∫ng √Ω b·∫°n ü§î C√≥ ph·∫£i √Ω b·∫°n l√†...,2019-03-06 09:40:27.457864
/restart,Kh·ªüi ƒë·ªông l·∫°i Bot th√†nh c√¥ng ^^,2019-03-06 09:40:53.915617
xin ch√†o,"Xin ch√†o üëã.
T√¥i c√≥ g√¨ gi√∫p g√¨ cho b·∫°n ü§î?",2019-03-06 09:41:00.736144
S√°ng nay c√≥ ph√≤ng n√†o tr·ªëng kh√¥ng th·∫ø ?,"T√¥i kh√¥ng hi·ªÉu √Ω b·∫°n, xin h√£y gi·∫£i th√≠ch cho t√¥i ü§î?",2019-03-06 09:42:05.645195
/restart,Kh·ªüi ƒë·ªông Sakura Bot th√†nh c√¥ng ^^. Ch√†o m·ª´ng b·∫°n t·ªõi h·ªá th·ªëng chatbot Sakura ƒë·∫∑t ph√≤ng h·ªçp!,2019-03-06 09:47:35.338494
/restart,Kh·ªüi ƒë·ªông Sakura Bot th√†nh c√¥ng ^^. Ch√†o m·ª´ng b·∫°n t·ªõi h·ªá th·ªëng chatbot Sakura ƒë·∫∑t ph√≤ng h·ªçp!,2019-03-06 09:48:01.446539
B·∫°n m∆∞·ª£n gi√∫p t√¥i ph√≤ng 205B l√∫c 8 gi·ªù s√°ng nh√©,Th·ªùi l∆∞·ª£ng c·ªßa cu·ªôc h·ªçp l√† bao l√¢u ·∫°?,2019-03-06 09:48:04.317263
xem ph√≤ng ƒë√£ ƒë·∫∑t,T√¥i kh√¥ng ch·∫Øc m√¨nh hi·ªÉu ƒë√∫ng √Ω b·∫°n ü§î C√≥ ph·∫£i √Ω b·∫°n l√†...,2019-03-06 09:48:08.652928
T·∫ßm 2 ti·∫øng nha,"Tr∆∞·ªõc khi ƒë·∫∑t ph√≤ng, b·∫°n x√°c nh·∫≠n c√°c th√¥ng tin ƒë√£ cung c·∫•p gi√∫p t√¥i nh√©:
Ng√†y: 2019-03-06
Th·ªùi gian:: 8:0
Th·ªùi l∆∞·ª£ng (ph√∫t):: 120
T√™n ph√≤ng: 205B",2019-03-06 09:48:13.861749
oke,D·∫°!!!,2019-03-06 09:48:19.361747
ƒë·∫∑t ph√≤ng ,"üìÖ  D·∫°, v√†o ng√†y n√†o th·∫ø ·∫°?",2019-03-06 09:48:26.003721
h√¥m nay ng√†y mai l√∫c 9 gi·ªù,Th·ªùi l∆∞·ª£ng c·ªßa cu·ªôc h·ªçp l√† bao l√¢u ·∫°?,2019-03-06 09:48:33.181196
1 ti·∫øng,Bao nhi√™u ng∆∞·ªùi s·∫Ω tham gia cu·ªôc h·ªçp ·∫°?,2019-03-06 09:48:37.353527
3,B·∫°n ƒë·∫∑t ph√≤ng cho bao nhi√™u ng∆∞·ªùi ·∫°?,2019-03-06 09:48:40.552418
3 ng∆∞·ªùi,"Tr∆∞·ªõc khi ƒë·∫∑t ph√≤ng, b·∫°n x√°c nh·∫≠n c√°c th√¥ng tin ƒë√£ cung c·∫•p gi√∫p t√¥i nh√©:
Ng√†y: 2019-03-07
Th·ªùi gian:: 9:0
Th·ªùi l∆∞·ª£ng (ph√∫t):: 60
S·ªë ng∆∞·ªùi: 3",2019-03-06 09:48:47.344820
·ªçke,T√¥i kh√¥ng ch·∫Øc m√¨nh hi·ªÉu ƒë√∫ng √Ω b·∫°n ü§î C√≥ ph·∫£i √Ω b·∫°n l√†...,2019-03-06 09:48:51.101385
oke,Okela!!,2019-03-06 09:48:54.589894
ƒësung,T√¥i kh√¥ng ch·∫Øc m√¨nh hi·ªÉu ƒë√∫ng √Ω b·∫°n ü§î C√≥ ph·∫£i √Ω b·∫°n l√†...,2019-03-06 09:48:57.375204
ƒë√∫ng,D·∫°!!!,2019-03-06 09:49:00.012154
/restart,Kh·ªüi ƒë·ªông Sakura Bot th√†nh c√¥ng ^^. Ch√†o m·ª´ng b·∫°n t·ªõi h·ªá th·ªëng chatbot Sakura ƒë·∫∑t ph√≤ng h·ªçp!,2019-03-06 09:50:00.431979
ƒë·∫∑t ph√≤ng ng√†y mai l√∫c 9 gi·ªù,Th·ªùi l∆∞·ª£ng c·ªßa cu·ªôc h·ªçp l√† bao l√¢u ·∫°?,2019-03-06 09:50:08.734762
1 ti·∫øng,B·∫°n ƒë·∫∑t ph√≤ng cho bao nhi√™u ng∆∞·ªùi ·∫°?,2019-03-06 09:50:13.947968
3 ng∆∞·ªùi,"Tr∆∞·ªõc khi ƒë·∫∑t ph√≤ng, b·∫°n x√°c nh·∫≠n c√°c th√¥ng tin ƒë√£ cung c·∫•p gi√∫p t√¥i nh√©:
Ng√†y: 2019-03-07
Th·ªùi gian:: 9:0
Th·ªùi l∆∞·ª£ng (ph√∫t):: 60
S·ªë ng∆∞·ªùi: 3",2019-03-06 09:50:19.853258
B·∫°n m∆∞·ª£n gi√∫p t√¥i ph√≤ng 205B l√∫c 8 gi·ªù s√°ng nh√©,"üìÖ  D·∫°, v√†o ng√†y n√†o th·∫ø ·∫°?",2019-03-06 09:52:05.203720
B·∫°n m∆∞·ª£n gi√∫p t√¥i ph√≤ng 205B l√∫c 8 gi·ªù s√°ng nh√© ng√†y mai,Th·ªùi l∆∞·ª£ng c·ªßa cu·ªôc h·ªçp l√† bao l√¢u ·∫°?,2019-03-06 09:52:25.873906
B·∫°n m∆∞·ª£n gi√∫p t√¥i ph√≤ng 205B l√∫c 8 gi·ªù s√°ng nh√© ng√†y mai 2 ti·∫øng,"üìÖ  D·∫°, v√†o ng√†y n√†o th·∫ø ·∫°?",2019-03-06 09:53:00.232503
B·∫°n m∆∞·ª£n gi√∫p t√¥i ph√≤ng 205B l√∫c 8 gi·ªù s√°ng nh√© ng√†y mai 2 ti·∫øng,üìÖ  V√†o ng√†y n√†o th·∫ø ·∫°?,2019-03-06 09:53:06.242848
ng√†y mai,"Tr∆∞·ªõc khi ƒë·∫∑t ph√≤ng, b·∫°n x√°c nh·∫≠n c√°c th√¥ng tin ƒë√£ cung c·∫•p gi√∫p t√¥i nh√©:
Ng√†y: 2019-03-07
Th·ªùi gian:: 8:0
Th·ªùi l∆∞·ª£ng (ph√∫t):: 120
T√™n ph√≤ng: 205B",2019-03-06 09:53:19.527173
oke,D·∫°!!!,2019-03-06 09:53:34.313305
/restart,Kh·ªüi ƒë·ªông Sakura Bot th√†nh c√¥ng ^^. Ch√†o m·ª´ng b·∫°n t·ªõi h·ªá th·ªëng chatbot Sakura ƒë·∫∑t ph√≤ng h·ªçp!,2019-03-06 10:02:41.336806
"ƒêu·ªµt m·ªçe, tao mu·ªën ƒë·∫∑t ph√≤ng",üìÖ  Cu·ªôc h·ªçp v√†o ng√†y n√†o ·∫°?,2019-03-06 10:03:39.389794
ƒë·ªÉ t nghƒ© ƒë√£,"Xin l·ªói, t√¥i kh√¥ng th·ªÉ x·ª≠ l√Ω y√™u c·∫ßu ƒë√≥ :(",2019-03-06 10:03:53.200484
/restart,Kh·ªüi ƒë·ªông Sakura Bot th√†nh c√¥ng ^^. Ch√†o m·ª´ng b·∫°n t·ªõi h·ªá th·ªëng chatbot Sakura ƒë·∫∑t ph√≤ng h·ªçp!,2019-03-06 10:04:25.045066
hey you,You are welcome üôÜ‚Äç‚ôÇÔ∏è,2019-03-06 10:04:30.302951
ƒë·∫∑t ph√≤ng ƒë√™ b·∫°n ey,üìÖ  V√†o ng√†y n√†o th·∫ø ·∫°?,2019-03-06 10:05:05.183385
wtf,T√¥i kh√¥ng ch·∫Øc m√¨nh hi·ªÉu ƒë√∫ng √Ω b·∫°n ü§î C√≥ ph·∫£i √Ω b·∫°n l√†...,2019-03-06 10:05:27.336128
ƒëm ƒë·∫∑t ph√≤ng,Xin l·ªói üôá‚Äç‚ôÇ T√¥i kh√¥ng hi·ªÉu √Ω b·∫°n?,2019-03-06 10:05:39.683193
c·∫°c,T√¥i kh√¥ng ch·∫Øc m√¨nh hi·ªÉu ƒë√∫ng √Ω b·∫°n ü§î C√≥ ph·∫£i √Ω b·∫°n l√†...,2019-03-06 10:05:46.684775
ƒë·∫∑t l·ªãch,"T√¥i kh√¥ng hi·ªÉu √Ω b·∫°n, xin h√£y gi·∫£i th√≠ch cho t√¥i ü§î?",2019-03-06 10:05:56.383585
t√¨m ph√≤ng tr·ªëng,Xin l·ªói üôá‚Äç‚ôÇ T√¥i kh√¥ng hi·ªÉu √Ω b·∫°n?,2019-03-06 10:06:09.560041
c√¥ th∆∞ √°,Xin ch√†ooo üëã,2019-03-06 10:06:18.785344
ƒë·∫∑t ph√≤ng cho c√¥ th∆∞,"T√¥i kh√¥ng hi·ªÉu √Ω b·∫°n, xin h√£y gi·∫£i th√≠ch cho t√¥i ü§î?",2019-03-06 10:06:31.523209
ti·∫øn sƒ© th∆∞ ƒëm m,"Xin ch√†o üëã.
T√¥i c√≥ g√¨ gi√∫p g√¨ cho b·∫°n ü§î?",2019-03-06 10:06:40.429613
ƒë√©o,T√¥i kh√¥ng ch·∫Øc m√¨nh hi·ªÉu ƒë√∫ng √Ω b·∫°n ü§î C√≥ ph·∫£i √Ω b·∫°n l√†...,2019-03-06 10:06:45.723909
/restart,Kh·ªüi ƒë·ªông Sakura Bot th√†nh c√¥ng ^^. Ch√†o m·ª´ng b·∫°n t·ªõi h·ªá th·ªëng chatbot Sakura ƒë·∫∑t ph√≤ng h·ªçp!,2019-03-06 10:07:10.880660
alo,Hello üëã,2019-03-06 10:07:45.821090
alo again,"Xin ch√†o üëã.
T√¥i c√≥ g√¨ gi√∫p g√¨ cho b·∫°n ü§î?",2019-03-06 10:07:50.399441
alo again * 3.14,B·∫°n mu·ªën t√¥i gi√∫p g√¨ n·ªØa kh√¥ng ·∫° ?,2019-03-06 10:07:59.392665
m√†y l√† ai,T√¥i kh√¥ng ch·∫Øc m√¨nh hi·ªÉu ƒë√∫ng √Ω b·∫°n ü§î C√≥ ph·∫£i √Ω b·∫°n l√†...,2019-03-06 10:08:31.005032
con ƒë≈©y m·ªçe m :v,T√¥i kh√¥ng ch·∫Øc m√¨nh hi·ªÉu ƒë√∫ng √Ω b·∫°n ü§î C√≥ ph·∫£i √Ω b·∫°n l√†...,2019-03-06 10:08:58.174655
alo,Hello üëã,2019-03-06 10:09:35.760506
alo,Xin ch√†ooo üëã,2019-03-06 10:09:38.075382
alo,B·∫°n mu·ªën t√¥i gi√∫p g√¨ n·ªØa kh√¥ng ·∫° ?,2019-03-06 10:09:40.527049
alo,Bye bye üëãüëãüëã,2019-03-06 10:09:43.172703
alo,Hello üëã,2019-03-06 10:09:45.151482
alo,Hello üëã,2019-03-06 10:09:47.204118
alo,B·∫°n mu·ªën t√¥i gi√∫p g√¨ n·ªØa kh√¥ng ·∫° ?,2019-03-06 10:09:50.460135
gi√∫p c√°i cc,T√¥i kh√¥ng ch·∫Øc m√¨nh hi·ªÉu ƒë√∫ng √Ω b·∫°n ü§î C√≥ ph·∫£i √Ω b·∫°n l√†...,2019-03-06 10:09:55.638583
/greet{},H·∫πn g·∫∑p b·∫°n v√†o l·∫ßn sau üëã,2019-03-06 10:09:59.622564
sau cc,Xin ch√†ooo üëã,2019-03-06 10:10:10.138583
ccccccccccccccccccccccccccc,T√¥i kh√¥ng ch·∫Øc m√¨nh hi·ªÉu ƒë√∫ng √Ω b·∫°n ü§î C√≥ ph·∫£i √Ω b·∫°n l√†...,2019-03-06 10:10:15.458282
ƒë·∫∑t ph√≤ng,üìÖ  Cu·ªôc h·ªçp v√†o ng√†y n√†o ·∫°?,2019-03-06 10:10:24.475167
ng√†y h√¥m qua,"Hmmmm!! L√†m sao ƒë·ªÉ t√¨m ph√≤ng ·ªü qu√° kh·ª© nh·ªâ :v
 H√£y t√¨m ki·∫øm ·ªü nh·ªØng ng√†y t∆∞∆°ng lai nha :)))",2019-03-06 10:10:34.093824
yesterday,T√¥i kh√¥ng ch·∫Øc m√¨nh hi·ªÉu ƒë√∫ng √Ω b·∫°n ü§î C√≥ ph·∫£i √Ω b·∫°n l√†...,2019-03-06 10:10:54.363356
ng√†y h√¥m 5/3/2019,"Hmmmm!! L√†m sao ƒë·ªÉ t√¨m ph√≤ng ·ªü qu√° kh·ª© nh·ªâ :v
 H√£y t√¨m ki·∫øm ·ªü nh·ªØng ng√†y t∆∞∆°ng lai nha :)))",2019-03-06 10:11:14.091379
lai cc,T√¥i kh√¥ng ch·∫Øc m√¨nh hi·ªÉu ƒë√∫ng √Ω b·∫°n ü§î C√≥ ph·∫£i √Ω b·∫°n l√†...,2019-03-06 10:11:23.220449
b·ªë m c√≥ m√†y d·ªãch th·ªùi gian,"T√¥i kh√¥ng hi·ªÉu √Ω b·∫°n, xin h√£y gi·∫£i th√≠ch cho t√¥i ü§î?",2019-03-06 10:11:31.663484
ƒë·∫∑t ph√≤ng agin,"T√¥i kh√¥ng hi·ªÉu √Ω b·∫°n, xin h√£y gi·∫£i th√≠ch cho t√¥i ü§î?",2019-03-06 10:12:20.761142
ƒë·∫∑t ph√≤ng,Xin l·ªói üôá‚Äç‚ôÇ T√¥i kh√¥ng hi·ªÉu √Ω b·∫°n?,2019-03-06 10:12:32.562268
ƒë·∫∑t ph√≤ng,"T√¥i kh√¥ng hi·ªÉu √Ω b·∫°n, xin h√£y gi·∫£i th√≠ch cho t√¥i ü§î?",2019-03-06 10:12:52.297090
oke,üìÖ  V√†o ng√†y n√†o th·∫ø ·∫°?,2019-03-06 10:15:02.718178
B·∫°n m∆∞·ª£n gi√∫p t√¥i ph√≤ng 205B l√∫c 8 gi·ªù s√°ng nh√©,üìÖ  Cu·ªôc h·ªçp v√†o ng√†y n√†o ·∫°?,2019-03-06 10:15:35.840552
h√¥m nay,Th·ªùi l∆∞·ª£ng c·ªßa cu·ªôc h·ªçp l√† bao l√¢u ·∫°?,2019-03-06 10:16:02.833689
kho·∫£ng 2 ti·∫øng,"Tr∆∞·ªõc khi ƒë·∫∑t ph√≤ng, b·∫°n x√°c nh·∫≠n c√°c th√¥ng tin ƒë√£ cung c·∫•p gi√∫p t√¥i nh√©:
Ng√†y: 2019-03-06
Th·ªùi gian:: 8:0
Th·ªùi l∆∞·ª£ng (ph√∫t):: 120
T√™n ph√≤ng: 205B",2019-03-06 10:16:11.507426
/restart,Kh·ªüi ƒë·ªông l·∫°i Bot th√†nh c√¥ng ^^,2019-03-06 10:17:25.275516
B·∫°n m∆∞·ª£n gi√∫p t√¥i ph√≤ng 205B l√∫c 8 gi·ªù s√°ng nh√©,Th·ªùi l∆∞·ª£ng c·ªßa cu·ªôc h·ªçp l√† bao l√¢u ·∫°?,2019-03-06 10:17:45.624183
/restart,Kh·ªüi ƒë·ªông l·∫°i Bot th√†nh c√¥ng ^^,2019-03-06 10:17:55.270528
xin ch√†o,Xin ch√†ooo üëã,2019-03-06 10:18:00.665743
kho·∫£ng 2 ti·∫øng,"Tr∆∞·ªõc khi ƒë·∫∑t ph√≤ng, b·∫°n x√°c nh·∫≠n c√°c th√¥ng tin ƒë√£ cung c·∫•p gi√∫p t√¥i nh√©:
Ng√†y: 2019-03-06
Th·ªùi gian:: 8:0
Th·ªùi l∆∞·ª£ng (ph√∫t):: 120
T√™n ph√≤ng: 205B",2019-03-06 10:18:04.401264
b·∫°n m∆∞·ª£n gi√∫p t√¥i ph√≤ng 205B l√∫c 8 gi·ªù nh√©,Th·ªùi l∆∞·ª£ng c·ªßa cu·ªôc h·ªçp l√† bao l√¢u ·∫°?,2019-03-06 10:18:40.090464
2 ti·∫øng,"Tr∆∞·ªõc khi ƒë·∫∑t ph√≤ng, b·∫°n x√°c nh·∫≠n c√°c th√¥ng tin ƒë√£ cung c·∫•p gi√∫p t√¥i nh√©:
Ng√†y: 2019-03-07
Th·ªùi gian:: 8:0
Th·ªùi l∆∞·ª£ng (ph√∫t):: 120
T√™n ph√≤ng: 205B",2019-03-06 10:18:44.266474
/restart,Kh·ªüi ƒë·ªông l·∫°i Bot th√†nh c√¥ng ^^,2019-03-06 10:25:21.448162
m∆∞·ª£n gi√∫p t√¥i 1 ph√≤ng v√†o s√°ng ng√†y 8/3,‚è≤Ô∏è Cu·ªôc h·ªçp b·∫Øt ƒë·∫ßu l√∫c m·∫•y gi·ªù ·∫° ?,2019-03-06 10:25:32.288990
/restart,Kh·ªüi ƒë·ªông l·∫°i Bot th√†nh c√¥ng ^^,2019-03-06 10:26:17.141854
m∆∞·ª£n gi√∫p t√¥i 1 ph√≤ng v√†o s√°ng ng√†y 8/3 nh√©,‚è≤Ô∏è Cu·ªôc h·ªçp b·∫Øt ƒë·∫ßu l√∫c m·∫•y gi·ªù ·∫° ?,2019-03-06 10:26:30.294685
b·∫°n bao nhi√™u tu·ªïi r·ªìi ?,Em ƒë·ªß tu·ªïi ƒë·ªÉ l√†m 1 bot ·∫° ^^,2019-03-06 10:26:37.293797
B·∫°n l√† bot ?,Yep T√¥i l√† bot,2019-03-06 10:26:46.723805
ƒë·∫∑t ph√≤ng ti·∫øp,Xin l·ªói üôá‚Äç‚ôÇ T√¥i kh√¥ng hi·ªÉu √Ω b·∫°n?,2019-03-06 10:28:04.597556
B·∫°n m∆∞·ª£n gi√∫p t√¥i ph√≤ng 205B l√∫c 8 gi·ªù s√°ng nh√©,Th·ªùi l∆∞·ª£ng c·ªßa cu·ªôc h·ªçp l√† bao l√¢u ·∫°?,2019-03-06 10:28:04.753861
ƒë·∫∑t ph√≤ng,Xin l·ªói üôá‚Äç‚ôÇ T√¥i kh√¥ng hi·ªÉu √Ω b·∫°n?,2019-03-06 10:28:10.421875
kho·∫£ng 2 ti·∫øng,"Tr∆∞·ªõc khi ƒë·∫∑t ph√≤ng, b·∫°n x√°c nh·∫≠n c√°c th√¥ng tin ƒë√£ cung c·∫•p gi√∫p t√¥i nh√©:
Ng√†y: 2019-03-06
Th·ªùi gian:: 8:0
Th·ªùi l∆∞·ª£ng (ph√∫t):: 120
T√™n ph√≤ng: 205B",2019-03-06 10:28:19.551184
B·∫°n m∆∞·ª£n gi√∫p t√¥i ph√≤ng 205B l√∫c 8 gi·ªù s√°ng nh√©,Th·ªùi l∆∞·ª£ng c·ªßa cu·ªôc h·ªçp l√† bao l√¢u ·∫°?,2019-03-06 10:30:58.172577
kho·∫£ng 2 ti·∫øng,"Tr∆∞·ªõc khi ƒë·∫∑t ph√≤ng, b·∫°n x√°c nh·∫≠n c√°c th√¥ng tin ƒë√£ cung c·∫•p gi√∫p t√¥i nh√©:
Ng√†y: 2019-03-06
Th·ªùi gian:: 8:0
Th·ªùi l∆∞·ª£ng (ph√∫t):: 120
T√™n ph√≤ng: 205B",2019-03-06 10:31:16.402658
/restart,Kh·ªüi ƒë·ªông l·∫°i Bot th√†nh c√¥ng ^^,2019-03-06 10:44:19.047011
Xin ch√†o,"Xin ch√†o üëã.
T√¥i c√≥ g√¨ gi√∫p g√¨ cho b·∫°n ü§î?",2019-03-06 10:44:25.139494
ƒê·∫∑t gi√∫p t√¥i ph√≤ng 205B l√∫c 8 gi·ªù s√°ng nh√©,Th·ªùi l∆∞·ª£ng c·ªßa cu·ªôc h·ªçp l√† bao l√¢u ·∫°?,2019-03-06 10:45:03.348429
2 ti·∫øng,"Tr∆∞·ªõc khi ƒë·∫∑t ph√≤ng, b·∫°n x√°c nh·∫≠n c√°c th√¥ng tin ƒë√£ cung c·∫•p gi√∫p t√¥i nh√©:
Ng√†y: 2019-03-07
Th·ªùi gian:: 8:0
Th·ªùi l∆∞·ª£ng (ph√∫t):: 120
T√™n ph√≤ng: 205B",2019-03-06 10:45:07.773270
c·∫£m ∆°n nh√©,D·∫°. Kh√¥ng c√≥ chi ·∫° üôÜ‚Äç‚ôÇÔ∏è,2019-03-06 10:45:31.690076
/restart,Kh·ªüi ƒë·ªông l·∫°i Bot th√†nh c√¥ng ^^,2019-03-06 11:09:03.108036
Xin ch√†o,Xin ch√†ooo üëã,2019-03-06 11:09:11.738026
B·∫°n m∆∞·ª£n gi√∫p t√¥i ph√≤ng 205B l√∫c 8 gi·ªù nh√©,Th·ªùi l∆∞·ª£ng c·ªßa cu·ªôc h·ªçp l√† bao l√¢u ·∫°?,2019-03-06 11:10:15.951734
2 ti·∫øng,"Tr∆∞·ªõc khi ƒë·∫∑t ph√≤ng, b·∫°n x√°c nh·∫≠n c√°c th√¥ng tin ƒë√£ cung c·∫•p gi√∫p t√¥i nh√©:
Ng√†y: 2019-03-06
Th·ªùi gian:: 8:0
Th·ªùi l∆∞·ª£ng (ph√∫t):: 120
T√™n ph√≤ng: 205B",2019-03-06 11:10:20.560499
oke c·∫£m ∆°n,D·∫° v√¢ng. Kh√¥ng c√≥ chi ·∫° üôÜ‚Äç‚ôÇ,2019-03-06 11:11:25.696039
/restart,Kh·ªüi ƒë·ªông l·∫°i Bot th√†nh c√¥ng ^^,2019-03-06 11:29:49.492878
xin ch√†o,Hello üëã,2019-03-06 11:29:55.153587
B·∫°n m∆∞·ª£n gi√∫p t√¥i ph√≤ng 205B l√∫c 10 gi·ªù nh√©,Th·ªùi l∆∞·ª£ng c·ªßa cu·ªôc h·ªçp l√† bao l√¢u ·∫°?,2019-03-06 11:30:30.880995
kho·∫£ng 2 ti·∫øng,"Tr∆∞·ªõc khi ƒë·∫∑t ph√≤ng, b·∫°n x√°c nh·∫≠n c√°c th√¥ng tin ƒë√£ cung c·∫•p gi√∫p t√¥i nh√©:
Ng√†y: 2019-03-06
Th·ªùi gian:: 10:0
Th·ªùi l∆∞·ª£ng (ph√∫t):: 120
T√™n ph√≤ng: 205B",2019-03-06 11:30:38.719683
oke c·∫£m ∆°n nh√©,D·∫° v√¢ng. Kh√¥ng c√≥ chi ·∫° üôÜ‚Äç‚ôÇ,2019-03-06 11:30:51.790789
kh√¥ng ,Bye bye üëãüëãüëã,2019-03-06 11:30:55.703108
/restart,Kh·ªüi ƒë·ªông l·∫°i Bot th√†nh c√¥ng ^^,2019-03-06 11:31:24.834072
/restart,Kh·ªüi ƒë·ªông l·∫°i Bot th√†nh c√¥ng ^^,2019-03-06 11:32:33.924693
/restart,Kh·ªüi ƒë·ªông l·∫°i Bot th√†nh c√¥ng ^^,2019-03-06 11:33:45.106958
/restart,Kh·ªüi ƒë·ªông l·∫°i Bot th√†nh c√¥ng ^^,2019-03-06 11:36:35.925972
/restart,Kh·ªüi ƒë·ªông l·∫°i Bot th√†nh c√¥ng ^^,2019-03-06 11:37:53.893845
/restart,Kh·ªüi ƒë·ªông l·∫°i Bot th√†nh c√¥ng ^^,2019-03-06 11:42:00.404706
/restart,Kh·ªüi ƒë·ªông l·∫°i Bot th√†nh c√¥ng ^^,2019-03-06 11:43:36.966020
/restart,Kh·ªüi ƒë·ªông l·∫°i Bot th√†nh c√¥ng ^^,2019-03-06 11:44:55.595136
ph√≤ng ƒëƒÉ ƒë·∫∑t h√¥m nay,‚è≤Ô∏è Cu·ªôc h·ªçp b·∫Øt ƒë·∫ßu l√∫c m·∫•y gi·ªù ·∫° ?,2019-03-06 11:45:12.940253
ƒë·∫∑t ph√≤ng,Xin l·ªói üôá‚Äç‚ôÇ T√¥i kh√¥ng hi·ªÉu √Ω b·∫°n?,2019-03-06 11:46:02.444174
t√¥i mu·ªën ƒë·∫∑t ph√≤ng,Xin l·ªói üôá‚Äç‚ôÇ T√¥i kh√¥ng hi·ªÉu √Ω b·∫°n?,2019-03-06 11:46:11.159855
/restart,Kh·ªüi ƒë·ªông l·∫°i Bot th√†nh c√¥ng ^^,2019-03-06 11:46:21.045935
t√¥i mu·ªën ƒë·∫∑t ph√≤ng ng√†y mai l√∫c 9 gi·ªù cho 10 ng∆∞·ªùi,Th·ªùi l∆∞·ª£ng c·ªßa cu·ªôc h·ªçp l√† bao l√¢u ·∫°?,2019-03-06 11:46:29.839818
1 ti·∫øng,"Tr∆∞·ªõc khi ƒë·∫∑t ph√≤ng, b·∫°n x√°c nh·∫≠n c√°c th√¥ng tin ƒë√£ cung c·∫•p gi√∫p t√¥i nh√©:
Ng√†y: 2019-03-07
Th·ªùi gian:: 9:0
Th·ªùi l∆∞·ª£ng (ph√∫t):: 60
S·ªë ng∆∞·ªùi: 10",2019-03-06 11:46:34.304678
t√¥i mu·ªën ƒë·∫∑t ph√≤ng ng√†y 15/3 l√∫c 9 gi·ªù cho 10 ng∆∞·ªùi,Th·ªùi l∆∞·ª£ng c·ªßa cu·ªôc h·ªçp l√† bao l√¢u ·∫°?,2019-03-06 11:46:55.163339
2 ti·∫øng ,"Tr∆∞·ªõc khi ƒë·∫∑t ph√≤ng, b·∫°n x√°c nh·∫≠n c√°c th√¥ng tin ƒë√£ cung c·∫•p gi√∫p t√¥i nh√©:
Ng√†y: 2019-03-15
Th·ªùi gian:: 9:0
Th·ªùi l∆∞·ª£ng (ph√∫t):: 120
S·ªë ng∆∞·ªùi: 10",2019-03-06 11:46:59.108611
/restart,Kh·ªüi ƒë·ªông l·∫°i Bot th√†nh c√¥ng ^^,2019-03-06 11:49:31.100505
xin ch√†o,Xin ch√†ooo üëã,2019-03-06 11:49:46.183787
/restart,Kh·ªüi ƒë·ªông l·∫°i Bot th√†nh c√¥ng ^^,2019-03-06 11:55:48.246557
/restart,Kh·ªüi ƒë·ªông l·∫°i Bot th√†nh c√¥ng ^^,2019-03-06 11:59:27.483586
xin ch√†o,"Xin ch√†o üëã.
T√¥i c√≥ g√¨ gi√∫p g√¨ cho b·∫°n ü§î?",2019-03-06 11:59:31.329614
/restart,Kh·ªüi ƒë·ªông l·∫°i Bot th√†nh c√¥ng ^^,2019-03-06 12:00:42.234003
xin ch√†o,"Xin ch√†o üëã.
T√¥i c√≥ g√¨ gi√∫p g√¨ cho b·∫°n ü§î?",2019-03-06 12:00:45.342261
ƒê·∫∑t gi√∫p t√¥i ph√≤ng 205B l√∫c 3 gi·ªù,Th·ªùi l∆∞·ª£ng c·ªßa cu·ªôc h·ªçp l√† bao l√¢u ·∫°?,2019-03-06 12:01:14.920567
2 ti·∫øng nh√©,"Tr∆∞·ªõc khi ƒë·∫∑t ph√≤ng, b·∫°n x√°c nh·∫≠n c√°c th√¥ng tin ƒë√£ cung c·∫•p gi√∫p t√¥i nh√©:
Ng√†y: 2019-03-06
Th·ªùi gian:: 15:00
Th·ªùi l∆∞·ª£ng (ph√∫t):: 120
T√™n ph√≤ng: 205B",2019-03-06 12:01:20.387306
c·∫£m ∆°n b·∫°n,D·∫°. Kh√¥ng c√≥ chi ·∫° üôÜ‚Äç‚ôÇÔ∏è,2019-03-06 12:01:33.955883
kh√¥ng,Bye bye üëãüëãüëã,2019-03-06 12:01:39.984004
/restart,Kh·ªüi ƒë·ªông l·∫°i Bot th√†nh c√¥ng ^^,2019-03-06 12:04:34.344849
Xin ch√†o,Xin ch√†ooo üëã,2019-03-06 12:05:30.634159
kh√¥ng c·∫£m ∆°n,"T√¥i xin l·ªói, t√¥i kh√¥ng th·ªÉ gi√∫p b·∫°n :(",2019-03-06 12:06:15.056678
c·∫£m ∆°n,D·∫°. Kh√¥ng c√≥ chi ·∫° üôÜ‚Äç‚ôÇÔ∏è,2019-03-06 12:06:22.698754
